FoS,days,distance_m_from_calib_to_test_point,day_of_failure,anomalous_failure
77.607376,0,357.156558122185,167.0,False
77.607376,1,,,
77.55195,2,,,
77.09559,3,,,
77.15842,4,,,
59.063297,5,,,
69.30705,6,,,
71.19829,7,,,
72.19853,8,,,
72.83632,9,,,
73.28867,10,,,
73.07265,11,,,
73.012474,12,,,
73.44961,13,,,
55.579575,14,,,
64.05817,15,,,
67.18144,16,,,
68.45706,17,,,
68.298134,18,,,
51.251984,19,,,
43.776928,20,,,
38.03221,21,,,
51.2727,22,,,
53.838875,23,,,
38.61575,24,,,
48.94906,25,,,
50.75643,26,,,
41.57365,27,,,
46.511612,28,,,
50.87626,29,,,
49.02576,30,,,
34.732903,31,,,
28.333681,32,,,
28.947397,33,,,
21.61802,34,,,
35.41615,35,,,
36.905655,36,,,
37.943558,37,,,
42.269802,38,,,
43.695812,39,,,
27.534357,40,,,
37.56047,41,,,
23.285164,42,,,
27.79714,43,,,
35.632885,44,,,
38.646774,45,,,
40.867474,46,,,
42.55775,47,,,
43.94388,48,,,
44.90291,49,,,
45.90332,50,,,
28.660368,51,,,
21.437386,52,,,
33.487976,53,,,
37.458332,54,,,
39.77263,55,,,
41.46646,56,,,
42.605183,57,,,
25.584925,58,,,
36.509537,59,,,
21.137825,60,,,
32.933662,61,,,
35.948,62,,,
31.036682,63,,,
22.019447,64,,,
31.518255,65,,,
30.808578,66,,,
35.038326,67,,,
35.014435,68,,,
36.65087,69,,,
38.610558,70,,,
39.854446,71,,,
40.881844,72,,,
41.565052,73,,,
41.938942,74,,,
42.98536,75,,,
43.71563,76,,,
44.362755,77,,,
44.95411,78,,,
45.501514,79,,,
46.012566,80,,,
46.4672,81,,,
28.66569,82,,,
21.023575,83,,,
26.214476,84,,,
22.218712,85,,,
12.96796,86,,,
26.012524,87,,,
29.916239,88,,,
32.384785,89,,,
34.212456,90,,,
35.668663,91,,,
36.881668,92,,,
37.86596,93,,,
20.543198,94,,,
27.541233,95,,,
30.688509,96,,,
33.692482,97,,,
35.32593,98,,,
24.03931,99,,,
32.056023,100,,,
34.033443,101,,,
30.397911,102,,,
33.11963,103,,,
35.33441,104,,,
18.298042,105,,,
28.16099,106,,,
28.194286,107,,,
31.38774,108,,,
32.852486,109,,,
30.535614,110,,,
26.088339,111,,,
13.485531,112,,,
7.227829,113,,,
20.057777,114,,,
23.955563,115,,,
8.327114,116,,,
12.216179,117,,,
19.844063,118,,,
5.3847694,119,,,
12.412266,120,,,
15.206669,121,,,
17.258133,122,,,
12.647507,123,,,
18.548805,124,,,
20.623909,125,,,
23.066895,126,,,
24.55484,127,,,
25.947803,128,,,
27.103546,129,,,
28.120306,130,,,
24.133972,131,,,
26.821629,132,,,
24.010777,133,,,
26.787235,134,,,
28.278118,135,,,
26.02316,136,,,
27.621828,137,,,
29.494745,138,,,
29.44148,139,,,
30.874208,140,,,
31.70705,141,,,
32.40838,142,,,
26.52202,143,,,
30.737782,144,,,
13.674614,145,,,
23.073341,146,,,
26.557467,147,,,
27.972055,148,,,
27.932587,149,,,
11.522583,150,,,
4.459873,151,,,
17.353127,152,,,
20.913952,153,,,
23.143314,154,,,
24.77628,155,,,
25.91245,156,,,
27.094614,157,,,
27.867487,158,,,
28.82498,159,,,
29.199112,160,,,
21.046146,161,,,
19.423656,162,,,
21.387459,163,,,
8.81974,164,,,
1.3255959,165,,,
3.2839699,166,,,
-5.11467,167,,,
7.9253464,168,,,
-2.0007973,169,,,
-9.415215,170,,,
4.298607,171,,,
8.605183,172,,,
11.467949,173,,,
13.630947,174,,,
14.904167,175,,,
3.2332535,176,,,
3.5507965,177,,,
10.845783,178,,,
13.442329,179,,,
15.307541,180,,,
16.734318,181,,,
17.864025,182,,,
19.03384,183,,,
20.019577,184,,,
20.906319,185,,,
21.716522,186,,,
22.464325,187,,,
23.156696,188,,,
23.686111,189,,,
24.367393,190,,,
23.059433,191,,,
24.175385,192,,,
25.149906,193,,,
16.007702,194,,,
11.706791,195,,,
15.03167,196,,,
19.32198,197,,,
20.98618,198,,,
18.926311,199,,,
21.783741,200,,,
22.932716,201,,,
5.5835915,202,,,
-1.7232361,203,,,
10.92905,204,,,
12.2123375,205,,,
15.613571,206,,,
8.729458,207,,,
8.534912,208,,,
14.148567,209,,,
16.22889,210,,,
14.247311,211,,,
16.788044,212,,,
18.481918,213,,,
19.607964,214,,,
13.03149,215,,,
18.04047,216,,,
13.92609,217,,,
18.118896,218,,,
19.570835,219,,,
20.617065,220,,,
21.485897,221,,,
22.2361,222,,,
22.90609,223,,,
23.516327,224,,,
24.079342,225,,,
24.604038,226,,,
25.09636,227,,,
25.561563,228,,,
26.002707,229,,,
26.42323,230,,,
26.353474,231,,,
8.733688,232,,,
19.347042,233,,,
21.604317,234,,,
8.819984,235,,,
17.66246,236,,,
19.883392,237,,,
21.287243,238,,,
22.339943,239,,,
23.195827,240,,,
23.925045,241,,,
19.037006,242,,,
22.681805,243,,,
5.5145416,244,,,
9.717827,245,,,
14.3565445,246,,,
-0.76397324,247,,,
-7.1849213,248,,,
-12.163437,249,,,
1.8598671,250,,,
-12.110611,251,,,
-1.2099228,252,,,
3.66951,253,,,
-8.940109,254,,,
-3.3090782,255,,,
-1.2375069,256,,,
3.7713127,257,,,
6.1496773,258,,,
-1.8905869,259,,,
5.041729,260,,,
6.419876,261,,,
7.8559456,262,,,
9.704063,263,,,
10.591003,264,,,
-1.2474556,265,,,
7.047554,266,,,
-8.95314,267,,,
-15.516022,268,,,
-2.2608643,269,,,
1.5957565,270,,,
4.0723724,271,,,
5.9293175,272,,,
7.4293137,273,,,
7.291271,274,,,
-9.086266,275,,,
2.2360268,276,,,
3.7712364,277,,,
4.8572617,278,,,
4.011669,279,,,
7.1309624,280,,,
8.61628,281,,,
9.766422,282,,,
10.745163,283,,,
11.610401,284,,,
10.215408,285,,,
11.32766,286,,,
9.695774,287,,,
4.794552,288,,,
-8.345062,289,,,
2.2339401,290,,,
5.8370247,291,,,
7.7964897,292,,,
9.226311,293,,,
10.373024,294,,,
-6.9258804,295,,,
-10.798668,296,,,
0.024463654,297,,,
2.9421806,298,,,
4.5996284,299,,,
6.230919,300,,,
7.636917,301,,,
8.580334,302,,,
8.944611,303,,,
10.076088,304,,,
11.037621,305,,,
11.800056,306,,,
12.500782,307,,,
13.063625,308,,,
12.962662,309,,,
1.7565498,310,,,
-9.112251,311,,,
1.371769,312,,,
4.8476257,313,,,
6.982437,314,,,
0.49890518,315,,,
-12.127487,316,,,
-13.351082,317,,,
-2.8341484,318,,,
-7.2599945,319,,,
-18.999207,320,,,
-18.771866,321,,,
-26.47799,322,,,
-12.867821,323,,,
-8.404373,324,,,
-5.7553177,325,,,
-3.6284752,326,,,
-1.909935,327,,,
-0.8409996,328,,,
0.049865723,329,,,
-5.1745377,330,,,
-0.40378952,331,,,
0.89024353,332,,,
-15.810722,333,,,
-5.6114655,334,,,
-20.422127,335,,,
-26.552803,336,,,
-14.807396,337,,,
-28.032425,338,,,
-33.29772,339,,,
-19.628761,340,,,
-15.837784,341,,,
-12.42276,342,,,
-9.924263,343,,,
-7.9858017,344,,,
-6.362591,345,,,
-4.958538,346,,,
-3.7165985,347,,,
-3.1616325,348,,,
-2.2261162,349,,,
-19.28595,350,,,
-9.257851,351,,,
-5.942524,352,,,
-4.0750084,353,,,
-2.692459,354,,,
-1.5097504,355,,,
-0.5014,356,,,
0.4029503,357,,,
1.2225609,358,,,
1.9771957,359,,,
2.677822,360,,,
-7.739731,361,,,
-19.206642,362,,,
-7.286804,363,,,
-4.2630577,364,,,
-8.38224,365,,,
-3.6336403,366,,,
-1.9160652,367,,,
-5.686989,368,,,
-2.1918983,369,,,
-1.6107101,370,,,
0.0064468384,371,,,
1.0411835,372,,,
1.9196777,373,,,
2.5638962,374,,,
1.999794,375,,,
1.2341843,376,,,
3.1535873,377,,,
4.041321,378,,,
3.8962746,379,,,
4.98394,380,,,
5.525692,381,,,
5.476959,382,,,
-11.884232,383,,,
-1.7071838,384,,,
-11.575455,385,,,
-14.940933,386,,,
-24.204826,387,,,
-29.5141,388,,,
-16.089287,389,,,
-11.623817,390,,,
-8.873566,391,,,
-7.0184402,392,,,
-5.399021,393,,,
-14.811363,394,,,
-25.850426,395,,,
-31.777008,396,,,
-36.474045,397,,,
-34.31018,398,,,
-41.337685,399,,,
-42.535522,400,,,
-47.380096,401,,,
-50.68467,402,,,
-43.068886,403,,,
-40.81849,404,,,
-32.34986,405,,,
-28.442642,406,,,
-25.4432,407,,,
-23.057869,408,,,
-21.048965,409,,,
-20.317116,410,,,
-20.578987,411,,,
-19.980202,412,,,
-17.409348,413,,,
-15.756645,414,,,
-14.4524,415,,,
-13.305168,416,,,
-21.887756,417,,,
-33.83046,418,,,
-22.896042,419,,,
-30.72937,420,,,
-36.80934,421,,,
-26.126472,422,,,
-31.724388,423,,,
-24.330635,424,,,
-21.528816,425,,,
-19.52118,426,,,
-17.828102,427,,,
-34.672134,428,,,
-41.511,429,,,
-37.417366,430,,,
-28.646683,431,,,
-25.470589,432,,,
-22.865662,433,,,
-20.994186,434,,,
-19.689056,435,,,
-33.493446,436,,,
-23.77311,437,,,
-21.111961,438,,,
-25.928482,439,,,
-29.635872,440,,,
-29.080399,441,,,
-23.183357,442,,,
-20.84755,443,,,
-19.14624,444,,,
-24.309624,445,,,
-37.732277,446,,,
-26.600426,447,,,
-41.162926,448,,,
-47.13243,449,,,
-44.138664,450,,,
-40.454613,451,,,
-33.7352,452,,,
-29.990692,453,,,
-27.843811,454,,,
-25.681236,455,,,
-23.989464,456,,,
-22.538353,457,,,
-21.26294,458,,,
-38.375786,459,,,
-45.39849,460,,,
-32.76252,461,,,
-28.970451,462,,,
-26.4264,463,,,
-24.520004,464,,,
-22.973488,465,,,
-21.651222,466,,,
-20.494804,467,,,
-19.445671,468,,,
-18.51635,469,,,
-17.618858,470,,,
-16.833824,471,,,
-17.322021,472,,,
-15.871277,473,,,
-15.138954,474,,,
-14.376511,475,,,
-13.700539,476,,,
-13.056732,477,,,
-12.999588,478,,,
-12.120384,479,,,
-11.58078,480,,,
-11.776886,481,,,
-29.068169,482,,,
-36.55107,483,,,
-24.32698,484,,,
-20.795044,485,,,
-19.070984,486,,,
-18.40886,487,,,
-16.583687,488,,,
-15.557251,489,,,
-14.551949,490,,,
-13.798714,491,,,
-13.294907,492,,,
-13.523354,493,,,
-22.00264,494,,,
-16.008934,495,,,
-14.259674,496,,,
-13.257721,497,,,
-12.257675,498,,,
-11.501511,499,,,
-11.545059,500,,,
-28.553085,501,,,
-19.681618,502,,,
-21.702408,503,,,
-17.362083,504,,,
-16.067787,505,,,
-22.637985,506,,,
-24.435257,507,,,
-18.485123,508,,,
-21.836662,509,,,
-17.523941,510,,,
-21.766495,511,,,
-26.704308,512,,,
-20.07869,513,,,
-17.77655,514,,,
-16.290382,515,,,
-15.899582,516,,,
-15.682091,517,,,
-14.081467,518,,,
-13.137688,519,,,
-12.349213,520,,,
-13.892548,521,,,
-12.682587,522,,,
-29.736542,523,,,
-37.059677,524,,,
-36.24324,525,,,
-32.508804,526,,,
-29.76773,527,,,
-24.740082,528,,,
-22.867905,529,,,
-20.843956,530,,,
-19.968925,531,,,
-18.604225,532,,,
-35.584465,533,,,
-24.580727,534,,,
-21.847878,535,,,
-24.792297,536,,,
-20.726936,537,,,
-19.09259,538,,,
-17.959816,539,,,
-17.567772,540,,,
-16.2659,541,,,
-15.522743,542,,,
-15.120979,543,,,
-16.289215,544,,,
-14.433937,545,,,
-13.67482,546,,,
-12.893089,547,,,
-12.248848,548,,,
-11.669281,549,,,
-11.120697,550,,,
-10.607071,551,,,
-10.120499,552,,,
-9.656395,553,,,
-9.212112,554,,,
-8.791931,555,,,
-8.376602,556,,,
-7.982712,557,,,
-7.596054,558,,,
-7.2239914,559,,,
-6.874527,560,,,
-6.514553,561,,,
-6.170269,562,,,
-5.8354683,563,,,
-5.5090866,564,,,
-5.1905937,565,,,
-4.8798294,566,,,
-8.384705,567,,,
-14.457718,568,,,
-27.301353,569,,,
-23.480362,570,,,
-16.435913,571,,,
-14.046959,572,,,
-12.447174,573,,,
-11.262276,574,,,
-10.309784,575,,,
-9.507797,576,,,
-10.016281,577,,,
-8.745628,578,,,
-8.075348,579,,,
-7.609993,580,,,
-7.011467,581,,,
-6.5185356,582,,,
-6.0660477,583,,,
-6.0798492,584,,,
-5.8348503,585,,,
-23.457474,586,,,
-20.686577,587,,,
-32.31504,588,,,
-24.345299,589,,,
-18.73861,590,,,
-21.84732,591,,,
-35.288315,592,,,
-41.480705,593,,,
-28.07885,594,,,
-24.125923,595,,,
-30.17788,596,,,
-23.519157,597,,,
-39.411194,598,,,
-27.510109,599,,,
-24.265678,600,,,
-22.378746,601,,,
-20.617088,602,,,
-19.256897,603,,,
-20.843796,604,,,
-18.302948,605,,,
-17.118912,606,,,
-16.15551,607,,,
-15.313416,608,,,
-14.554695,609,,,
-13.859879,610,,,
-13.216522,611,,,
-20.29686,612,,,
-32.810402,613,,,
-22.417137,614,,,
-22.507088,615,,,
-19.353409,616,,,
-24.419144,617,,,
-21.933846,618,,,
-19.335907,619,,,
-17.568665,620,,,
-16.40805,621,,,
-15.495293,622,,,
-15.3778305,623,,,
-14.255486,624,,,
-13.520874,625,,,
-12.855064,626,,,
-12.273506,627,,,
-29.98217,628,,,
-19.861397,629,,,
-17.168884,630,,,
-33.94319,631,,,
-40.923958,632,,,
-27.996399,633,,,
-25.004272,634,,,
-22.398438,635,,,
-20.694168,636,,,
-19.80262,637,,,
-18.491325,638,,,
-25.170021,639,,,
-22.932617,640,,,
-19.677544,641,,,
-19.430466,642,,,
-22.777596,643,,,
-19.070648,644,,,
-28.980453,645,,,
-21.624702,646,,,
-37.86241,647,,,
-44.585518,648,,,
-39.613968,649,,,
-31.333588,650,,,
-28.331734,651,,,
-44.29506,652,,,
-50.66062,653,,,
-37.197403,654,,,
-33.166977,655,,,
-30.540512,656,,,
-39.38745,657,,,
-50.00345,658,,,
-39.927605,659,,,
-53.11287,660,,,
-40.283936,661,,,
-36.424515,662,,,
-33.932167,663,,,
-31.916115,664,,,
-30.294472,665,,,
-37.715767,666,,,
-49.840332,667,,,
-49.161903,668,,,
-48.65827,669,,,
-40.969063,670,,,
-37.278267,671,,,
-34.918312,672,,,
-33.086586,673,,,
-31.631157,674,,,
-30.360413,675,,,
-29.169235,676,,,
-28.144974,677,,,
-27.164993,678,,,
-26.3171,679,,,
-25.478523,680,,,
-24.71106,681,,,
-23.99215,682,,,
-23.313889,683,,,
-22.73378,684,,,
-22.12278,685,,,
-21.514809,686,,,
-20.950836,687,,,
-20.41243,688,,,
-22.711151,689,,,
-38.91182,690,,,
-36.091057,691,,,
-32.662292,692,,,
-44.715576,693,,,
-35.879585,694,,,
-49.82524,695,,,
-55.691864,696,,,
-42.03385,697,,,
-37.887054,698,,,
-35.20768,699,,,
-33.19979,700,,,
-31.582275,701,,,
-30.220818,702,,,
-29.044083,703,,,
-27.995682,704,,,
-27.053566,705,,,
-26.205254,706,,,
-25.408714,707,,,
-26.410217,708,,,
-24.7546,709,,,
-23.931183,710,,,
-23.22963,711,,,
-22.657051,712,,,
-22.186798,713,,,
-24.854744,714,,,
-22.523804,715,,,
-21.629738,716,,,
-20.966728,717,,,
-20.55114,718,,,
-19.921196,719,,,
-19.407524,720,,,
-18.930054,721,,,
-18.479012,722,,,
-18.049004,723,,,
-17.636032,724,,,
-17.238434,725,,,
-16.854431,726,,,
-16.482521,727,,,
-16.121574,728,,,
-15.770767,729,,,
-15.455521,730,,,
-15.145958,731,,,
-33.065506,732,,,
-40.815445,733,,,
-30.224472,734,,,
-40.315422,735,,,
-48.55806,736,,,
-37.703354,737,,,
-32.776344,738,,,
-30.350838,739,,,
-31.408516,740,,,
-28.22406,741,,,
-30.093987,742,,,
-26.957436,743,,,
-25.820747,744,,,
-25.37693,745,,,
-25.978943,746,,,
-24.043945,747,,,
-25.049805,748,,,
-23.255173,749,,,
-22.258255,750,,,
-21.494713,751,,,
-21.465744,752,,,
-24.828552,753,,,
-22.850761,754,,,
-21.323746,755,,,
-20.48909,756,,,
-19.77562,757,,,
-19.174675,758,,,
-18.63498,759,,,
-18.265976,760,,,
-17.922157,761,,,
-17.36528,762,,,
-16.924126,763,,,
-16.513206,764,,,
-16.145363,765,,,
-15.762566,766,,,
-15.401367,767,,,
-15.185539,768,,,
-15.196587,769,,,
-14.759918,770,,,
-15.864189,771,,,
-17.894028,772,,,
-17.998596,773,,,
-32.477562,774,,,
-40.74893,775,,,
-46.561615,776,,,
-33.163803,777,,,
-29.330742,778,,,
-31.910027,779,,,
-27.432953,780,,,
-26.095383,781,,,
-24.436485,782,,,
-23.783234,783,,,
-31.069908,784,,,
-25.404976,785,,,
-29.686905,786,,,
-43.494408,787,,,
-32.253754,788,,,
-38.194603,789,,,
-43.702446,790,,,
-52.60273,791,,,
-39.4982,792,,,
-53.93933,793,,,
-41.28469,794,,,
-38.4525,795,,,
-53.76528,796,,,
-44.20144,797,,,
-41.67486,798,,,
-47.763573,799,,,
-40.141808,800,,,
-37.457237,801,,,
-53.754204,802,,,
-60.27189,803,,,
-46.993217,804,,,
-45.21077,805,,,
-45.706673,806,,,
-55.008224,807,,,
-46.861984,808,,,
-42.703796,809,,,
-40.455124,810,,,
-38.961227,811,,,
-55.528236,812,,,
-62.275024,813,,,
-49.335632,814,,,
-45.314865,815,,,
-42.74218,816,,,
-41.17859,817,,,
-39.7818,818,,,
-38.17077,819,,,
-36.905106,820,,,
-36.036354,821,,,
-36.865875,822,,,
-35.354485,823,,,
-34.053093,824,,,
-33.08551,825,,,
-32.266212,826,,,
-31.495811,827,,,
-40.72177,828,,,
-40.142464,829,,,
-46.419083,830,,,
-52.13131,831,,,
-42.2117,832,,,
-39.25676,833,,,
-37.83509,834,,,
-36.07425,835,,,
-34.811363,836,,,
-33.80111,837,,,
-32.920692,838,,,
-32.230835,839,,,
-31.389923,840,,,
-30.634567,841,,,
-29.97065,842,,,
-29.575668,843,,,
-47.12018,844,,,
-54.610283,845,,,
-59.782394,846,,,
-46.49993,847,,,
-42.918915,848,,,
-44.246872,849,,,
-40.281967,850,,,
-42.499954,851,,,
-56.968193,852,,,
-63.39814,853,,,
-55.529114,854,,,
-48.578102,855,,,
-45.65526,856,,,
-43.45986,857,,,
-42.06295,858,,,
-40.58741,859,,,
-39.84996,860,,,
-39.21643,861,,,
-55.8953,862,,,
-60.738266,863,,,
-50.080734,864,,,
-64.2808,865,,,
-54.6967,866,,,
-62.96821,867,,,
-65.441315,868,,,
-55.048103,869,,,
-52.687912,870,,,
-67.706795,871,,,
-56.040314,872,,,
-52.134026,873,,,
-49.852615,874,,,
-49.313034,875,,,
-46.95807,876,,,
-45.670616,877,,,
-44.215637,878,,,
-61.306686,879,,,
-50.435043,880,,,
-47.398743,881,,,
-49.07086,882,,,
-51.436462,883,,,
-49.673447,884,,,
-46.48472,885,,,
-44.57116,886,,,
-43.657265,887,,,
-43.41745,888,,,
-46.282066,889,,,
-43.20054,890,,,
-59.829933,891,,,
-53.549194,892,,,
-48.675537,893,,,
-50.995277,894,,,
-47.68135,895,,,
-45.140617,896,,,
-44.67594,897,,,
-49.73877,898,,,
-44.74099,899,,,
-45.149307,900,,,
-61.00254,901,,,
-49.577164,902,,,
-49.37931,903,,,
-46.88382,904,,,
-62.970795,905,,,
-52.11322,906,,,
-62.326675,907,,,
-53.18593,908,,,
-50.59381,909,,,
-48.17756,910,,,
-46.523315,911,,,
-45.171516,912,,,
-44.35582,913,,,
-44.08349,914,,,
-42.596733,915,,,
-41.63701,916,,,
-41.749954,917,,,
-58.71689,918,,,
-47.712883,919,,,
-45.119804,920,,,
-43.487007,921,,,
-52.909317,922,,,
-46.9534,923,,,
-44.39792,924,,,
-42.937424,925,,,
-41.790085,926,,,
-57.63436,927,,,
-50.308395,928,,,
-46.24111,929,,,
-44.32512,930,,,
-42.94487,931,,,
-41.82798,932,,,
-40.88652,933,,,
-40.04107,934,,,
-39.398827,935,,,
-56.897408,936,,,
-64.30798,937,,,
-60.172012,938,,,
-51.974625,939,,,
-48.95701,940,,,
-46.918953,941,,,
-45.538086,942,,,
-44.15287,943,,,
-43.03727,944,,,
-42.063423,945,,,
-41.19271,946,,,
-40.40091,947,,,
-39.67215,948,,,
-38.995567,949,,,
-49.77845,950,,,
-43.20495,951,,,
-41.246994,952,,,
-40.061493,953,,,
-39.139473,954,,,
-38.54603,955,,,
-37.75013,956,,,
-37.103607,957,,,
-36.513626,958,,,
-35.96492,959,,,
-35.464317,960,,,
-34.966827,961,,,
-34.499084,962,,,
-34.07728,963,,,
-33.633224,964,,,
-33.216614,965,,,
-32.814873,966,,,
-32.426277,967,,,
-32.06478,968,,,
-31.690903,969,,,
-32.610725,970,,,
-33.08956,971,,,
-32.312485,972,,,
-31.44838,973,,,
-30.943542,974,,,
-30.692436,975,,,
-48.473206,976,,,
-37.93502,977,,,
-35.69596,978,,,
-34.395714,979,,,
-33.437874,980,,,
-50.94902,981,,,
-55.120857,982,,,
-49.58423,983,,,
-61.80732,984,,,
-67.50278,985,,,
-53.777405,986,,,
-49.653564,987,,,
-47.01362,988,,,
-45.058197,989,,,
-43.59742,990,,,
-54.39067,991,,,
-46.49032,992,,,
-55.16236,993,,,
-50.11949,994,,,
-46.354584,995,,,
-44.484337,996,,,
-43.165314,997,,,
-43.585175,998,,,
-44.9569,999,,,
-45.20755,1000,,,
-42.33072,1001,,,
-41.098274,1002,,,
-40.045128,1003,,,
-39.18895,1004,,,
-40.56961,1005,,,
-40.668472,1006,,,
-38.736588,1007,,,
-37.83509,1008,,,
-37.099693,1009,,,
-36.592102,1010,,,
-43.497597,1011,,,
-38.732674,1012,,,
-37.44969,1013,,,
-37.992798,1014,,,
-36.478012,1015,,,
-35.711594,1016,,,
-35.07837,1017,,,
-34.51818,1018,,,
-34.00608,1019,,,
-33.529877,1020,,,
-33.08232,1021,,,
-32.657715,1022,,,
-32.25261,1023,,,
-31.864807,1024,,,
-31.491463,1025,,,
-49.399345,1026,,,
-57.123978,1027,,,
-46.268265,1028,,,
-42.234795,1029,,,
-40.158005,1030,,,
-38.732124,1031,,,
-37.674446,1032,,,
-36.78018,1033,,,
-35.917442,1034,,,
-35.197952,1035,,,
-34.55793,1036,,,
-34.651207,1037,,,
-33.74952,1038,,,
-33.20896,1039,,,
-50.955055,1040,,,
-58.560364,1041,,,
-64.32069,1042,,,
-55.648323,1043,,,
-49.73529,1044,,,
-56.414757,1045,,,
-48.801292,1046,,,
-46.19947,1047,,,
-62.652794,1048,,,
-69.299194,1049,,,
-60.412148,1050,,,
-72.37107,1051,,,
-59.28189,1052,,,
-55.274094,1053,,,
-52.636604,1054,,,
-50.654617,1055,,,
-49.156624,1056,,,
-47.845543,1057,,,
-46.53961,1058,,,
-45.44706,1059,,,
-45.93486,1060,,,
-50.770493,1061,,,
-46.157135,1062,,,
-44.655144,1063,,,
-61.822876,1064,,,
-68.97891,1065,,,
-58.290985,1066,,,
-64.770584,1067,,,
-74.256584,1068,,,
-61.170067,1069,,,
-57.252617,1070,,,
-54.666367,1071,,,
-52.71939,1072,,,
-51.393417,1073,,,
-68.17745,1074,,,
-56.81356,1075,,,
-57.63777,1076,,,
-54.100212,1077,,,
-70.217316,1078,,,
-60.010582,1079,,,
-74.344124,1080,,,
-65.3596,1081,,,
-59.94744,1082,,,
-57.26291,1083,,,
-55.295692,1084,,,
-54.179497,1085,,,
-52.574577,1086,,,
-51.360237,1087,,,
-50.32229,1088,,,
-49.334892,1089,,,
-48.44931,1090,,,
-47.668655,1091,,,
-65.156586,1092,,,
-72.51408,1093,,,
-59.89052,1094,,,
-56.877495,1095,,,
-54.685196,1096,,,
-54.235756,1097,,,
-70.31565,1098,,,
-60.630653,1099,,,
-57.204338,1100,,,
-54.785576,1101,,,
-53.151817,1102,,,
-52.263077,1103,,,
-51.020752,1104,,,
-50.208847,1105,,,
-67.39825,1106,,,
-74.61196,1107,,,
-76.2483,1108,,,
-64.619934,1109,,,
-60.90226,1110,,,
-58.48796,1111,,,
-59.459534,1112,,,
-59.005188,1113,,,
-55.966568,1114,,,
-54.643326,1115,,,
-53.28763,1116,,,
-52.52942,1117,,,
-51.505707,1118,,,
-60.636543,1119,,,
-54.146408,1120,,,
-52.34253,1121,,,
-51.094444,1122,,,
-50.085968,1123,,,
-49.21488,1124,,,
-48.43563,1125,,,
-47.722496,1126,,,
-47.062683,1127,,,
-64.465324,1128,,,
-72.09229,1129,,,
-77.76153,1130,,,
-65.12246,1131,,,
-60.67794,1132,,,
-76.31939,1133,,,
-82.480736,1134,,,
-68.88911,1135,,,
-64.771484,1136,,,
-62.118546,1137,,,
-60.06015,1138,,,
-63.019745,1139,,,
-68.14858,1140,,,
-67.434166,1141,,,
-61.783844,1142,,,
-59.53862,1143,,,
-58.243988,1144,,,
-63.309433,1145,,,
-58.845314,1146,,,
-61.767723,1147,,,
-76.00027,1148,,,
-66.44005,1149,,,
-80.36982,1150,,,
-70.1084,1151,,,
-65.386475,1152,,,
-76.225716,1153,,,
-66.87818,1154,,,
-69.56966,1155,,,
-72.94697,1156,,,
-66.8241,1157,,,
-75.01455,1158,,,
-85.174614,1159,,,
-87.469,1160,,,
-93.53777,1161,,,
-96.57371,1162,,,
-82.691,1163,,,
-77.68481,1164,,,
-74.47347,1165,,,
-88.87841,1166,,,
-95.62742,1167,,,
-83.07107,1168,,,
-78.145424,1169,,,
-76.93946,1170,,,
-81.339455,1171,,,
-75.11234,1172,,,
-88.78669,1173,,,
-82.62859,1174,,,
-94.90012,1175,,,
-100.206154,1176,,,
-104.33927,1177,,,
-93.964195,1178,,,
-86.601036,1179,,,
-88.42545,1180,,,
-82.66111,1181,,,
-80.367226,1182,,,
-77.98235,1183,,,
-75.9511,1184,,,
-74.63647,1185,,,
-91.2214,1186,,,
-82.744316,1187,,,
-77.91401,1188,,,
-75.49273,1189,,,
-75.281,1190,,,
-72.908806,1191,,,
-71.378716,1192,,,
-70.095566,1193,,,
-68.951904,1194,,,
-74.656105,1195,,,
-69.938576,1196,,,
-69.233826,1197,,,
-67.75056,1198,,,
-66.53285,1199,,,
-65.79772,1200,,,
-64.79519,1201,,,
-64.12482,1202,,,
-81.49235,1203,,,
-70.77029,1204,,,
-68.07031,1205,,,
-66.41138,1206,,,
-65.14161,1207,,,
-64.92917,1208,,,
-63.540024,1209,,,
-62.7108,1210,,,
-61.840233,1211,,,
-61.144722,1212,,,
-60.427742,1213,,,
-67.44779,1214,,,
-80.80381,1215,,,
-69.25865,1216,,,
-67.520996,1217,,,
-73.43435,1218,,,
-85.610435,1219,,,
-73.613594,1220,,,
-78.14797,1221,,,
-72.04751,1222,,,
-87.634926,1223,,,
-93.92779,1224,,,
-82.81663,1225,,,
-78.52996,1226,,,
-75.391365,1227,,,
-91.22436,1228,,,
-79.312004,1229,,,
-76.507545,1230,,,
-92.16552,1231,,,
-80.14007,1232,,,
-76.795006,1233,,,
-75.379845,1234,,,
-73.28222,1235,,,
-71.65722,1236,,,
-81.99262,1237,,,
-92.544334,1238,,,
-98.35331,1239,,,
-84.707115,1240,,,
-81.230415,1241,,,
-78.14541,1242,,,
-80.54861,1243,,,
-78.608345,1244,,,
-84.09705,1245,,,
-94.77375,1246,,,
-83.10291,1247,,,
-79.47895,1248,,,
-77.14164,1249,,,
-75.51525,1250,,,
-85.71163,1251,,,
-77.809944,1252,,,
-75.88137,1253,,,
-74.10183,1254,,,
-72.65832,1255,,,
-71.41375,1256,,,
-70.33613,1257,,,
-69.36343,1258,,,
-68.51486,1259,,,
-68.04201,1260,,,
-85.31541,1261,,,
-86.35171,1262,,,
-77.12588,1263,,,
-83.69639,1264,,,
-93.73266,1265,,,
-81.69337,1266,,,
-96.4589,1267,,,
-83.96969,1268,,,
-87.66363,1269,,,
-81.32259,1270,,,
-78.62122,1271,,,
-76.732994,1272,,,
-76.81214,1273,,,
-74.68336,1274,,,
-73.607445,1275,,,
-73.04894,1276,,,
-72.02178,1277,,,
-70.68772,1278,,,
-69.708534,1279,,,
-68.83405,1280,,,
-68.03032,1281,,,
-67.287926,1282,,,
-66.69812,1283,,,
-74.27975,1284,,,
-69.04019,1285,,,
-67.54264,1286,,,
-66.50839,1287,,,
-65.65872,1288,,,
-64.91432,1289,,,
-64.23769,1290,,,
-63.61046,1291,,,
-63.020805,1292,,,
-64.142715,1293,,,
-73.11654,1294,,,
-66.60425,1295,,,
-65.40191,1296,,,
-64.06262,1297,,,
-63.183937,1298,,,
-66.39478,1299,,,
-81.77784,1300,,,
-70.60144,1301,,,
-67.93747,1302,,,
-68.56454,1303,,,
-76.57906,1304,,,
-69.70576,1305,,,
-69.29222,1306,,,
-67.009705,1307,,,
-65.89887,1308,,,
-64.745285,1309,,,
-63.991943,1310,,,
-81.39269,1311,,,
-88.74192,1312,,,
-82.03181,1313,,,
-80.2523,1314,,,
-78.70341,1315,,,
-74.886635,1316,,,
-73.48397,1317,,,
-74.2963,1318,,,
-72.83143,1319,,,
-70.41908,1320,,,
-68.92028,1321,,,
-73.348946,1322,,,
-87.511345,1323,,,
-77.69341,1324,,,
-86.97561,1325,,,
-85.78054,1326,,,
-96.5214,1327,,,
-101.79221,1328,,,
-106.03463,1329,,,
-104.46322,1330,,,
-110.71598,1331,,,
-102.42443,1332,,,
-95.83622,1333,,,
-90.87554,1334,,,
-87.69845,1335,,,
-85.265205,1336,,,
-83.25599,1337,,,
-81.535164,1338,,,
-80.02512,1339,,,
-96.94468,1340,,,
-92.796776,1341,,,
-85.74934,1342,,,
-83.17393,1343,,,
-81.11317,1344,,,
-79.51209,1345,,,
-78.67286,1346,,,
-77.34472,1347,,,
-78.210075,1348,,,
-94.28469,1349,,,
-82.93888,1350,,,
-80.088295,1351,,,
-81.91816,1352,,,
-86.27212,1353,,,
-80.68745,1354,,,
-88.47039,1355,,,
-83.93624,1356,,,
-83.70023,1357,,,
-83.66367,1358,,,
-91.61863,1359,,,
-89.40061,1360,,,
-83.42759,1361,,,
-80.98528,1362,,,
-79.27355,1363,,,
-77.82969,1364,,,
-76.6161,1365,,,
-75.54615,1366,,,
-74.58341,1367,,,
-73.70214,1368,,,
-72.88596,1369,,,
-90.39233,1370,,,
-86.53504,1371,,,
-81.14178,1372,,,
-83.039085,1373,,,
-96.8765,1374,,,
-103.123375,1375,,,
-107.95554,1376,,,
-93.787056,1377,,,
-89.37241,1378,,,
-86.99285,1379,,,
-87.4779,1380,,,
-84.10223,1381,,,
-82.185844,1382,,,
-95.647194,1383,,,
-90.3133,1384,,,
-85.24824,1385,,,
-84.701515,1386,,,
-82.0523,1387,,,
-80.49299,1388,,,
-79.67689,1389,,,
-92.79879,1390,,,
-101.922325,1391,,,
-106.39266,1392,,,
-93.36271,1393,,,
-89.34554,1394,,,
-86.70579,1395,,,
-85.17329,1396,,,
-92.51951,1397,,,
-104.19761,1398,,,
-91.90592,1399,,,
-89.759026,1400,,,
-104.9573,1401,,,
-111.11733,1402,,,
-104.1509,1403,,,
-114.54505,1404,,,
-103.713066,1405,,,
-97.83189,1406,,,
-97.69224,1407,,,
-93.55273,1408,,,
-91.27158,1409,,,
-89.4394,1410,,,
-87.87589,1411,,,
-86.49441,1412,,,
-85.255226,1413,,,
-84.126686,1414,,,
-84.17069,1415,,,
-83.02143,1416,,,
-81.7743,1417,,,
-80.82581,1418,,,
-98.23252,1419,,,
-105.50434,1420,,,
-92.734276,1421,,,
-89.21462,1422,,,
-87.61686,1423,,,
-98.81405,1424,,,
-108.16386,1425,,,
-109.130455,1426,,,
-116.03814,1427,,,
-102.03513,1428,,,
-97.60003,1429,,,
-94.640175,1430,,,
-93.28477,1431,,,
-90.94669,1432,,,
-89.537025,1433,,,
-87.971306,1434,,,
-86.77262,1435,,,
-87.43275,1436,,,
-85.35882,1437,,,
-84.30572,1438,,,
-84.343834,1439,,,
-96.218925,1440,,,
-87.77183,1441,,,
-85.542564,1442,,,
-100.35883,1443,,,
-97.37466,1444,,,
-90.82748,1445,,,
-90.878456,1446,,,
-105.8449,1447,,,
-93.95612,1448,,,
-90.77874,1449,,,
-91.39579,1450,,,
-88.230995,1451,,,
-88.25553,1452,,,
-87.708595,1453,,,
-86.77708,1454,,,
-84.82279,1455,,,
-83.90009,1456,,,
-82.69691,1457,,,
-81.75315,1458,,,
-80.90537,1459,,,
-81.04493,1460,,,
-79.95852,1461,,,
-79.090096,1462,,,
-78.50321,1463,,,
-77.80399,1464,,,
-79.57871,1465,,,
-78.93601,1466,,,
-77.89796,1467,,,
-76.97297,1468,,,
-87.44599,1469,,,
-98.75327,1470,,,
-105.07273,1471,,,
-91.86544,1472,,,
-88.1751,1473,,,
-91.83323,1474,,,
-104.957436,1475,,,
-100.54096,1476,,,
-92.80079,1477,,,
-90.00712,1478,,,
-96.93337,1479,,,
-91.52328,1480,,,
-90.233604,1481,,,
-93.10606,1482,,,
-106.56753,1483,,,
-97.63871,1484,,,
-110.825615,1485,,,
-116.40154,1486,,,
-105.6585,1487,,,
-102.29627,1488,,,
-115.13317,1489,,,
-106.511314,1490,,,
-111.73324,1491,,,
-104.75703,1492,,,
-107.32261,1493,,,
-118.8944,1494,,,
-110.24456,1495,,,
-122.10499,1496,,,
-108.761284,1497,,,
-104.59423,1498,,,
-101.681465,1499,,,
-99.51092,1500,,,
-97.59455,1501,,,
-96.0467,1502,,,
-99.73716,1503,,,
-95.71908,1504,,,
-93.9242,1505,,,
-92.56269,1506,,,
-92.73014,1507,,,
-90.88526,1508,,,
-89.75848,1509,,,
-88.770164,1510,,,
-87.86561,1511,,,
-87.02439,1512,,,
-86.242134,1513,,,
-85.62037,1514,,,
-84.870415,1515,,,
-84.15479,1516,,,
-83.75898,1517,,,
-83.05628,1518,,,
-82.38207,1519,,,
-81.77114,1520,,,
-81.38442,1521,,,
-96.70417,1522,,,
-87.2485,1523,,,
-86.08454,1524,,,
-84.19138,1525,,,
-83.02746,1526,,,
-82.13224,1527,,,
-81.80857,1528,,,
-80.85612,1529,,,
-80.13592,1530,,,
-97.76006,1531,,,
-105.23997,1532,,,
-93.233925,1533,,,
-95.31292,1534,,,
-90.25257,1535,,,
-87.95159,1536,,,
-86.30636,1537,,,
-85.01719,1538,,,
-84.05927,1539,,,
-94.74813,1540,,,
-87.49546,1541,,,
-85.431755,1542,,,
-84.07609,1543,,,
-83.00239,1544,,,
-82.117805,1545,,,
-81.3895,1546,,,
-80.606346,1547,,,
-80.97729,1548,,,
-79.74473,1549,,,
-79.03634,1550,,,
-78.414406,1551,,,
-77.839516,1552,,,
-79.05129,1553,,,
-81.5646,1554,,,
-91.06388,1555,,,
-84.40682,1556,,,
-82.05889,1557,,,
-82.32571,1558,,,
-83.31983,1559,,,
-82.80076,1560,,,
-98.62797,1561,,,
-94.273125,1562,,,
-98.17211,1563,,,
-90.09966,1564,,,
-104.80932,1565,,,
-96.08445,1566,,,
-91.49221,1567,,,
-89.99233,1568,,,
-87.5841,1569,,,
-86.03646,1570,,,
-85.577415,1571,,,
-102.30764,1572,,,
-109.337166,1573,,,
-96.35755,1574,,,
-92.69097,1575,,,
-90.57409,1576,,,
-89.728874,1577,,,
-87.6993,1578,,,
-86.567406,1579,,,
-88.79731,1580,,,
-86.14875,1581,,,
-89.92507,1582,,,
-86.04505,1583,,,
-90.11164,1584,,,
-104.21287,1585,,,
-92.62731,1586,,,
-102.16787,1587,,,
-93.24804,1588,,,
-91.73368,1589,,,
-91.48539,1590,,,
-89.4118,1591,,,
-88.16294,1592,,,
-104.76446,1593,,,
-101.672554,1594,,,
-97.30416,1595,,,
-111.15247,1596,,,
-99.45779,1597,,,
-95.806145,1598,,,
-96.35143,1599,,,
-99.33782,1600,,,
-112.19422,1601,,,
-99.91979,1602,,,
-96.85569,1603,,,
-112.658485,1604,,,
-100.70977,1605,,,
-115.63509,1606,,,
-121.48411,1607,,,
-125.35532,1608,,,
-118.93952,1609,,,
-112.90432,1610,,,
-111.23115,1611,,,
-107.04815,1612,,,
-112.43435,1613,,,
-112.956154,1614,,,
-106.57601,1615,,,
-103.745735,1616,,,
-101.3899,1617,,,
-99.599785,1618,,,
-98.077675,1619,,,
-96.73786,1620,,,
-95.53379,1621,,,
-94.51516,1622,,,
-94.54902,1623,,,
-92.991035,1624,,,
-91.99401,1625,,,
-91.115776,1626,,,
-90.84551,1627,,,
-89.76113,1628,,,
-88.97303,1629,,,
-97.329155,1630,,,
-91.58004,1631,,,
-90.016,1632,,,
-88.90397,1633,,,
-106.26676,1634,,,
-95.27909,1635,,,
-92.68409,1636,,,
-91.04612,1637,,,
-90.75477,1638,,,
-89.18821,1639,,,
-88.19077,1640,,,
-87.33431,1641,,,
-86.56567,1642,,,
-85.860374,1643,,,
-85.20376,1644,,,
-87.73652,1645,,,
-86.27718,1646,,,
-84.95078,1647,,,
-84.13261,1648,,,
-84.289635,1649,,,
-83.63889,1650,,,
-83.75622,1651,,,
-98.646355,1652,,,
-89.037254,1653,,,
-91.855095,1654,,,
-94.083244,1655,,,
-88.97842,1656,,,
-101.990944,1657,,,
-103.007195,1658,,,
-94.6112,1659,,,
-95.25236,1660,,,
-95.97941,1661,,,
-91.78347,1662,,,
-89.99581,1663,,,
-91.29458,1664,,,
-88.71746,1665,,,
-87.4902,1666,,,
-86.49909,1667,,,
-85.63833,1668,,,
-86.73383,1669,,,
-103.25086,1670,,,
-92.20872,1671,,,
-89.82931,1672,,,
-88.098854,1673,,,
-86.862404,1674,,,
-87.45754,1675,,,
-85.693504,1676,,,
-84.75677,1677,,,
-83.97024,1678,,,
-83.269905,1679,,,
-82.62936,1680,,,
-83.01653,1681,,,
-81.9092,1682,,,
-81.27996,1683,,,
-80.72463,1684,,,
-80.21067,1685,,,
-79.74647,1686,,,
-86.22501,1687,,,
-81.89907,1688,,,
-89.140236,1689,,,
-83.970116,1690,,,
-82.31045,1691,,,
-81.27868,1692,,,
-80.47364,1693,,,
-79.79302,1694,,,
-79.19228,1695,,,
-82.01299,1696,,,
-97.89788,1697,,,
-91.68272,1698,,,
-86.70484,1699,,,
-84.98061,1700,,,
-83.48017,1701,,,
-84.71732,1702,,,
-91.43397,1703,,,
-99.78771,1704,,,
-97.61628,1705,,,
-107.236885,1706,,,
-96.71165,1707,,,
-92.67225,1708,,,
-100.45989,1709,,,
-93.12734,1710,,,
-91.0333,1711,,,
-92.447014,1712,,,
-90.04,1713,,,
-88.11857,1714,,,
-86.86878,1715,,,
-85.86338,1716,,,
-84.93879,1717,,,
-84.12229,1718,,,
-83.37957,1719,,,
-82.69364,1720,,,
-82.05537,1721,,,
-81.455986,1722,,,
-97.09011,1723,,,
-87.66926,1724,,,
-85.41953,1725,,,
-94.57891,1726,,,
-105.94053,1727,,,
-93.81562,1728,,,
-90.644585,1729,,,
-95.57589,1730,,,
-90.23853,1731,,,
-88.33753,1732,,,
-86.96133,1733,,,
-85.84487,1734,,,
-84.88874,1735,,,
-102.31321,1736,,,
-109.62594,1737,,,
-96.914055,1738,,,
-93.43278,1739,,,
-92.293175,1740,,,
-108.32246,1741,,,
-96.701866,1742,,,
-93.6583,1743,,,
-91.68215,1744,,,
-90.17095,1745,,,
-88.92646,1746,,,
-87.85738,1747,,,
-86.913414,1748,,,
-88.40713,1749,,,
-88.99239,1750,,,
-86.54308,1751,,,
-85.475426,1752,,,
-84.64631,1753,,,
-83.89535,1754,,,
-83.22576,1755,,,
-82.60606,1756,,,
-82.02857,1757,,,
-81.8036,1758,,,
-95.84272,1759,,,
-87.09373,1760,,,
-85.09101,1761,,,
-83.84252,1762,,,
-82.89637,1763,,,
-82.11193,1764,,,
-91.311104,1765,,,
-94.09046,1766,,,
-88.5102,1767,,,
-104.27412,1768,,,
-110.945564,1769,,,
-116.08347,1770,,,
-120.43548,1771,,,
-106.60429,1772,,,
-119.96136,1773,,,
-124.99387,1774,,,
-118.74317,1775,,,
-120.593346,1776,,,
-128.78842,1777,,,
-128.34848,1778,,,
-118.91238,1779,,,
-115.21215,1780,,,
-113.59632,1781,,,
-127.190834,1782,,,
-114.69944,1783,,,
-119.58312,1784,,,
-125.15136,1785,,,
-116.41929,1786,,,
-112.45112,1787,,,
-116.30129,1788,,,
-128.42505,1789,,,
-118.71702,1790,,,
-113.21598,1791,,,
-110.34652,1792,,,
-114.33016,1793,,,
-109.32972,1794,,,
-106.931984,1795,,,
-105.4533,1796,,,
-104.41006,1797,,,
-102.972725,1798,,,
-101.5964,1799,,,
-102.7069,1800,,,
-102.87008,1801,,,
-100.31295,1802,,,
-99.04473,1803,,,
-110.6291,1804,,,
-104.96902,1805,,,
-101.52862,1806,,,
-100.03919,1807,,,
-116.885124,1808,,,
-105.63923,1809,,,
-102.94254,1810,,,
-100.988594,1811,,,
-100.83018,1812,,,
-100.12411,1813,,,
-116.53091,1814,,,
-123.472466,1815,,,
-128.70581,1816,,,
-133.06885,1817,,,
-132.29428,1818,,,
-120.036385,1819,,,
-115.55833,1820,,,
-114.37307,1821,,,
-110.998985,1822,,,
-109.038826,1823,,,
-107.21458,1824,,,
-105.70484,1825,,,
