time,min_depth,max_depth,failure
-9999,-9999,-9999,-9999
9.48511e+06,3.4,3.4,1
9.48601e+06,3.4,3.4,1
9.49231e+06,3.4,3.4,1
9.49321e+06,3.4,3.4,1
9.49411e+06,3.4,3.4,1
9.49592e+06,3.4,3.4,1
9.49681e+06,3.4,3.4,1
9.49771e+06,3.4,3.4,1
9.49951e+06,3.4,3.4,1
9.50132e+06,3.4,3.4,1
9.50222e+06,3.4,3.4,1
9.50491e+06,3.4,3.4,1
9.50582e+06,3.4,3.4,1
9.50672e+06,3.4,3.4,1
9.50762e+06,3.4,3.4,1
9.51031e+06,3.4,3.4,1
9.51212e+06,3.4,3.4,1
9.51302e+06,3.4,3.4,1
9.51392e+06,3.4,3.4,1
9.51482e+06,3.4,3.4,1
9.51662e+06,3.4,3.4,1
9.51752e+06,3.4,3.4,1
9.51842e+06,3.4,3.4,1
9.51932e+06,3.4,3.4,1
9.52022e+06,3.4,3.4,1
9.52112e+06,3.4,3.4,1
9.52202e+06,3.4,3.4,1
9.52382e+06,3.4,3.4,1
9.52472e+06,3.4,3.4,1
9.52652e+06,3.4,3.4,1
9.52742e+06,3.4,3.4,1
9.52922e+06,3.4,3.4,1
9.53012e+06,3.4,3.4,1
9.53102e+06,3.4,3.4,1
9.53192e+06,3.4,3.4,1
9.53372e+06,3.4,3.4,1
9.53462e+06,3.4,3.4,1
9.53552e+06,3.4,3.4,1
9.53642e+06,3.4,3.4,1
9.53732e+06,3.4,3.4,1
9.53823e+06,3.4,3.4,1
9.54002e+06,3.4,3.4,1
9.54092e+06,3.4,3.4,1
9.54182e+06,3.4,3.4,1
9.54272e+06,3.4,3.4,1
9.54363e+06,3.4,3.4,1
9.54453e+06,3.4,3.4,1
9.54542e+06,3.4,3.4,1
9.54722e+06,3.4,3.4,1
9.55533e+06,3.4,3.4,1
9.55712e+06,3.4,3.4,1
9.55892e+06,3.4,3.4,1
9.57153e+06,3.4,3.4,1
9.57242e+06,3.4,3.4,1
9.57332e+06,3.4,3.4,1
9.57872e+06,3.4,3.4,1
9.58052e+06,3.4,3.4,1
9.64083e+06,3.4,3.4,1
9.64173e+06,3.4,3.4,1
9.64442e+06,3.4,3.4,1
9.64532e+06,3.4,3.4,1
9.64623e+06,3.4,3.4,1
9.64713e+06,3.4,3.4,1
9.64803e+06,3.4,3.4,1
9.64893e+06,3.4,3.4,1
9.64982e+06,3.4,3.4,1
9.65343e+06,3.4,3.4,1
9.66423e+06,3.4,3.4,1
9.66602e+06,3.4,3.4,1
9.66873e+06,3.4,3.4,1
9.66963e+06,3.4,3.4,1
9.67053e+06,3.4,3.4,1
9.67323e+06,3.4,3.4,1
9.67413e+06,3.4,3.4,1
9.67772e+06,3.4,3.4,1
9.71913e+06,3.4,3.4,1
9.72003e+06,3.4,3.4,1
9.83343e+06,3.4,3.4,1
9.83793e+06,3.4,3.4,1
9.83883e+06,3.4,3.4,1
9.83972e+06,3.4,3.4,1
9.84063e+06,3.4,3.4,1
9.84153e+06,3.4,3.4,1
9.84333e+06,3.4,3.4,1
9.84423e+06,3.4,3.4,1
9.84603e+06,3.4,3.4,1
9.84783e+06,3.4,3.4,1
9.84963e+06,3.4,3.4,1
9.85053e+06,3.4,3.4,1
9.85143e+06,3.4,3.4,1
9.85233e+06,3.4,3.4,1
9.85413e+06,3.4,3.4,1
9.85503e+06,3.4,3.4,1
9.85683e+06,3.4,3.4,1
9.85773e+06,3.4,3.4,1
9.85863e+06,3.4,3.4,1
9.86133e+06,3.4,3.4,1
9.86224e+06,3.4,3.4,1
9.86313e+06,3.4,3.4,1
9.86583e+06,3.4,3.4,1
9.86673e+06,3.4,3.4,1
9.94233e+06,3.4,3.4,1
9.94324e+06,3.4,3.4,1
9.94414e+06,3.4,3.4,1
9.94503e+06,3.4,3.4,1
9.94593e+06,3.4,3.4,1
9.94773e+06,3.4,3.4,1
9.95494e+06,3.4,3.4,1
9.95584e+06,3.4,3.4,1
9.95673e+06,3.4,3.4,1
9.95763e+06,3.4,3.4,1
9.95944e+06,3.4,3.4,1
1.01025e+07,3.4,3.4,1
1.01034e+07,3.4,3.4,1
1.01313e+07,3.4,3.4,1
1.01331e+07,3.4,3.4,1
1.0134e+07,3.4,3.4,1
1.01349e+07,3.4,3.4,1
1.01376e+07,3.4,3.4,1
1.01403e+07,3.4,3.4,1
1.01439e+07,3.4,3.4,1
1.02627e+07,3.4,3.4,1
1.02636e+07,3.4,3.4,1
1.02645e+07,3.4,3.4,1
1.02654e+07,3.4,3.4,1
1.02663e+07,3.4,3.4,1
1.02672e+07,3.4,3.4,1
1.02681e+07,3.4,3.4,1
1.02708e+07,3.4,3.4,1
1.02744e+07,3.4,3.4,1
1.02762e+07,3.4,3.4,1
1.02771e+07,3.4,3.4,1
1.02798e+07,3.4,3.4,1
1.02852e+07,3.4,3.4,1
1.02861e+07,3.4,3.4,1
1.02924e+07,3.4,3.4,1
1.02951e+07,3.4,3.4,1
1.0296e+07,3.4,3.4,1
1.03014e+07,3.4,3.4,1
1.03023e+07,3.4,3.4,1
1.03041e+07,3.4,3.4,1
1.0305e+07,3.4,3.4,1
1.03059e+07,3.4,3.4,1
1.03077e+07,3.4,3.4,1
1.03095e+07,3.4,3.4,1
1.03104e+07,3.4,3.4,1
1.03113e+07,3.4,3.4,1
1.03122e+07,3.4,3.4,1
1.03149e+07,3.4,3.4,1
1.03158e+07,3.4,3.4,1
1.03167e+07,3.4,3.4,1
1.03176e+07,3.4,3.4,1
1.03185e+07,3.4,3.4,1
1.03203e+07,3.4,3.4,1
1.03221e+07,3.4,3.4,1
1.0323e+07,3.4,3.4,1
1.03239e+07,3.4,3.4,1
1.03248e+07,3.4,3.4,1
1.03257e+07,3.4,3.4,1
1.03266e+07,3.4,3.4,1
1.03284e+07,3.4,3.4,1
1.03311e+07,3.4,3.4,1
1.03473e+07,3.4,3.4,1
1.03482e+07,3.4,3.4,1
1.05003e+07,3.3,3.4,1
1.05021e+07,3.3,3.4,1
1.05039e+07,3.3,3.4,1
1.05066e+07,3.3,3.4,1
1.05075e+07,3.3,3.4,1
1.05093e+07,3.3,3.4,1
1.0512e+07,3.3,3.4,1
1.05138e+07,3.3,3.4,1
1.05147e+07,3.3,3.4,1
1.05156e+07,3.3,3.4,1
1.05165e+07,3.3,3.4,1
1.05174e+07,3.3,3.4,1
1.05183e+07,3.3,3.4,1
1.05192e+07,3.3,3.4,1
1.05211e+07,3.3,3.4,1
1.0522e+07,3.3,3.4,1
1.05255e+07,3.3,3.4,1
1.05265e+07,3.3,3.4,1
1.05939e+07,3.3,3.4,1
1.05948e+07,3.3,3.4,1
1.06056e+07,3.3,3.4,1
1.06065e+07,3.3,3.4,1
1.06075e+07,3.3,3.4,1
1.06084e+07,3.3,3.4,1
1.06092e+07,3.3,3.4,1
1.06101e+07,3.3,3.4,1
1.0611e+07,3.3,3.4,1
1.06164e+07,3.3,3.4,1
1.06173e+07,3.3,3.4,1
1.0621e+07,3.3,3.4,1
1.06227e+07,3.3,3.4,1
1.06237e+07,3.3,3.4,1
1.06246e+07,3.3,3.4,1
1.06272e+07,3.3,3.4,1
1.06281e+07,3.3,3.4,1
1.06309e+07,3.3,3.4,1
1.06326e+07,3.3,3.4,1
1.06335e+07,3.3,3.4,1
1.06354e+07,3.3,3.4,1
1.06372e+07,3.3,3.4,1
1.0638e+07,3.3,3.4,1
1.06399e+07,3.3,3.4,1
1.06408e+07,3.3,3.4,1
1.06507e+07,3.3,3.4,1
1.06516e+07,3.3,3.4,1
1.06525e+07,3.3,3.4,1
1.06534e+07,3.3,3.4,1
1.06579e+07,3.3,3.4,1
1.06588e+07,3.3,3.4,1
1.07335e+07,3.3,3.4,1
1.07362e+07,3.3,3.4,1
1.0738e+07,3.3,3.4,1
1.07407e+07,3.3,3.4,1
1.07443e+07,3.3,3.4,1
1.07452e+07,3.3,3.4,1
1.07461e+07,3.3,3.4,1
1.0747e+07,3.3,3.4,1
1.07488e+07,3.3,3.4,1
1.07497e+07,3.3,3.4,1
1.07506e+07,3.3,3.4,1
1.07542e+07,3.3,3.4,1
1.07551e+07,3.3,3.4,1
1.08271e+07,3.3,3.4,1
1.0828e+07,3.3,3.4,1
1.08325e+07,3.3,3.4,1
1.08334e+07,3.3,3.4,1
1.08343e+07,3.3,3.4,1
1.08352e+07,3.3,3.4,1
1.08361e+07,3.3,3.4,1
1.08379e+07,3.3,3.4,1
1.08388e+07,3.3,3.4,1
1.08397e+07,3.3,3.4,1
1.08406e+07,3.3,3.4,1
1.08415e+07,3.3,3.4,1
1.08424e+07,3.3,3.4,1
1.08433e+07,3.3,3.4,1
1.08568e+07,3.3,3.4,1
1.08577e+07,3.3,3.4,1
1.08595e+07,3.3,3.4,1
1.08604e+07,3.3,3.4,1
1.08613e+07,3.3,3.4,1
1.08622e+07,3.3,3.4,1
1.08631e+07,3.3,3.4,1
1.0864e+07,3.3,3.4,1
1.08658e+07,3.3,3.4,1
1.08676e+07,3.3,3.4,1
1.08685e+07,3.3,3.4,1
1.08856e+07,3.3,3.4,1
1.08865e+07,3.3,3.4,1
1.08991e+07,3.3,3.4,1
1.09e+07,3.3,3.4,1
1.09009e+07,3.3,3.4,1
1.09027e+07,3.3,3.4,1
1.11349e+07,3.3,3.4,1
1.11376e+07,3.3,3.4,1
1.11394e+07,3.3,3.4,1
1.11403e+07,3.3,3.4,1
1.11421e+07,3.3,3.4,1
1.1143e+07,3.3,3.4,1
1.11439e+07,3.3,3.4,1
1.11448e+07,3.3,3.4,1
1.11457e+07,3.3,3.4,1
1.11466e+07,3.3,3.4,1
1.11475e+07,3.3,3.4,1
1.11511e+07,3.3,3.4,1
1.1152e+07,3.3,3.4,1
1.11529e+07,3.3,3.4,1
1.11565e+07,3.3,3.4,1
1.11574e+07,3.3,3.4,1
1.11592e+07,3.3,3.4,1
1.1161e+07,3.3,3.4,1
1.11619e+07,3.3,3.4,1
1.11628e+07,3.3,3.4,1
1.11637e+07,3.3,3.4,1
1.11646e+07,3.3,3.4,1
1.11664e+07,3.3,3.4,1
1.11673e+07,3.3,3.4,1
1.11709e+07,3.3,3.4,1
1.11718e+07,3.3,3.4,1
1.11853e+07,3.3,3.4,1
1.11862e+07,3.3,3.4,1
1.11871e+07,3.3,3.4,1
1.11889e+07,3.3,3.4,1
1.11898e+07,3.3,3.4,1
1.11907e+07,3.3,3.4,1
1.11916e+07,3.3,3.4,1
1.11925e+07,3.3,3.4,1
1.12006e+07,3.3,3.4,1
1.12015e+07,3.3,3.4,1
1.1755e+07,3.3,3.4,1
1.17559e+07,3.3,3.4,1
1.17892e+07,3.3,3.4,1
1.17901e+07,3.3,3.4,1
1.17982e+07,3.3,3.4,1
1.17991e+07,3.3,3.4,1
1.18027e+07,3.3,3.4,1
1.18036e+07,3.3,3.4,1
1.18207e+07,3.3,3.4,1
1.18216e+07,3.3,3.4,1
1.18252e+07,3.3,3.4,1
1.18261e+07,3.3,3.4,1
1.18279e+07,3.3,3.4,1
1.18288e+07,3.3,3.4,1
1.18333e+07,3.3,3.4,1
1.18342e+07,3.3,3.4,1
1.18351e+07,3.3,3.4,1
1.18369e+07,3.3,3.4,1
1.18378e+07,3.3,3.4,1
1.18387e+07,3.3,3.4,1
1.18405e+07,3.3,3.4,1
1.18414e+07,3.3,3.4,1
1.18423e+07,3.3,3.4,1
1.18432e+07,3.3,3.4,1
1.1845e+07,3.3,3.4,1
1.18495e+07,3.3,3.4,1
1.18702e+07,3.3,3.4,1
1.18711e+07,3.3,3.4,1
1.19107e+07,3.3,3.4,1
1.19116e+07,3.3,3.4,1
1.19206e+07,3.3,3.4,1
1.19215e+07,3.3,3.4,1
1.1926e+07,3.3,3.4,1
1.19269e+07,3.3,3.4,1
1.19278e+07,3.3,3.4,1
1.19287e+07,3.3,3.4,1
1.19314e+07,3.3,3.4,1
1.19323e+07,3.3,3.4,1
1.19332e+07,3.3,3.4,1
1.1935e+07,3.3,3.4,1
1.19368e+07,3.3,3.4,1
1.19377e+07,3.3,3.4,1
1.24363e+07,3.3,3.4,1
1.24372e+07,3.3,3.4,1
1.24381e+07,3.3,3.4,1
1.2439e+07,3.3,3.4,1
1.24435e+07,3.3,3.4,1
1.24444e+07,3.3,3.4,1
1.24534e+07,3.3,3.4,1
1.24543e+07,3.3,3.4,1
1.24561e+07,3.3,3.4,1
1.2457e+07,3.3,3.4,1
1.24606e+07,3.3,3.4,1
1.24615e+07,3.3,3.4,1
1.24642e+07,3.3,3.4,1
1.2466e+07,3.3,3.4,1
1.24669e+07,3.3,3.4,1
1.24678e+07,3.3,3.4,1
1.24948e+07,3.3,3.4,1
1.24975e+07,3.3,3.4,1
1.24984e+07,3.3,3.4,1
1.24993e+07,3.3,3.4,1
1.25146e+07,3.3,3.4,1
1.25155e+07,3.3,3.4,1
1.25164e+07,3.3,3.4,1
1.25182e+07,3.3,3.4,1
1.25191e+07,3.3,3.4,1
1.252e+07,3.3,3.4,1
1.25254e+07,3.3,3.4,1
1.25263e+07,3.3,3.4,1
1.25281e+07,3.3,3.4,1
1.2529e+07,3.3,3.4,1
1.25308e+07,3.3,3.4,1
1.25317e+07,3.3,3.4,1
1.25326e+07,3.3,3.4,1
1.25335e+07,3.3,3.4,1
1.25344e+07,3.3,3.4,1
1.25353e+07,3.3,3.4,1
1.25362e+07,3.3,3.4,1
1.2538e+07,3.3,3.4,1
1.25389e+07,3.3,3.4,1
1.25398e+07,3.3,3.4,1
1.25407e+07,3.3,3.4,1
1.25416e+07,3.3,3.4,1
1.25425e+07,3.3,3.4,1
1.25434e+07,3.3,3.4,1
1.25443e+07,3.3,3.4,1
1.25452e+07,3.3,3.4,1
1.2547e+07,3.3,3.4,1
1.25479e+07,3.3,3.4,1
1.25488e+07,3.3,3.4,1
1.25497e+07,3.3,3.4,1
1.25524e+07,3.3,3.4,1
1.25533e+07,3.3,3.4,1
1.25569e+07,3.3,3.4,1
1.25578e+07,3.3,3.4,1
1.25623e+07,3.3,3.4,1
1.25866e+07,3.3,3.4,1
1.25875e+07,3.3,3.4,1
1.25884e+07,3.3,3.4,1
1.25893e+07,3.3,3.4,1
1.25902e+07,3.3,3.4,1
1.25911e+07,3.3,3.4,1
1.25938e+07,3.3,3.4,1
1.25947e+07,3.3,3.4,1
1.25956e+07,3.3,3.4,1
1.25965e+07,3.3,3.4,1
1.25974e+07,3.3,3.4,1
1.25983e+07,3.3,3.4,1
1.25992e+07,3.3,3.4,1
1.26001e+07,3.3,3.4,1
1.2601e+07,3.3,3.4,1
1.2628e+07,3.3,3.4,1
1.26289e+07,3.3,3.4,1
1.26307e+07,3.3,3.4,1
1.26316e+07,3.3,3.4,1
1.27657e+07,3.3,3.4,1
1.27666e+07,3.3,3.4,1
1.27693e+07,3.3,3.4,1
1.27702e+07,3.3,3.4,1
1.2781e+07,3.3,3.4,1
1.27819e+07,3.3,3.4,1
1.28215e+07,3.3,3.4,1
1.28224e+07,3.3,3.4,1
1.28278e+07,3.3,3.4,1
1.28296e+07,3.3,3.4,1
1.28431e+07,3.3,3.4,1
1.28467e+07,3.3,3.4,1
1.28485e+07,3.3,3.4,1
1.28494e+07,3.3,3.4,1
1.2853e+07,3.3,3.4,1
1.28539e+07,3.3,3.4,1
1.28548e+07,3.3,3.4,1
1.28557e+07,3.3,3.4,1
1.28566e+07,3.3,3.4,1
1.28575e+07,3.3,3.4,1
1.28584e+07,3.3,3.4,1
1.28665e+07,3.3,3.4,1
1.28674e+07,3.3,3.4,1
1.28791e+07,3.3,3.4,1
1.288e+07,3.3,3.4,1
1.28809e+07,3.3,3.4,1
1.28818e+07,3.3,3.4,1
1.28827e+07,3.3,3.4,1
1.28899e+07,3.3,3.4,1
1.28908e+07,3.3,3.4,1
1.29376e+07,3.3,3.4,1
1.29385e+07,3.3,3.4,1
1.29394e+07,3.3,3.4,1
1.29403e+07,3.3,3.4,1
1.2943e+07,3.3,3.4,1
1.29457e+07,3.3,3.4,1
1.29466e+07,3.3,3.4,1
1.29511e+07,3.3,3.4,1
1.2952e+07,3.3,3.4,1
1.29529e+07,3.3,3.4,1
1.29574e+07,3.3,3.4,1
1.29583e+07,3.3,3.4,1
1.29601e+07,3.3,3.4,1
1.2961e+07,3.3,3.4,1
1.29637e+07,3.3,3.4,1
1.29646e+07,3.3,3.4,1
1.29673e+07,3.3,3.4,1
1.29682e+07,3.3,3.4,1
1.29772e+07,3.3,3.4,1
1.29781e+07,3.3,3.4,1
1.29862e+07,3.3,3.4,1
1.29871e+07,3.3,3.4,1
1.29934e+07,3.3,3.4,1
1.29952e+07,3.3,3.4,1
1.29961e+07,3.3,3.4,1
1.2997e+07,3.3,3.4,1
1.29979e+07,3.3,3.4,1
1.29988e+07,3.3,3.4,1
1.30006e+07,3.3,3.4,1
1.30024e+07,3.3,3.4,1
1.30033e+07,3.3,3.4,1
1.30042e+07,3.3,3.4,1
1.30051e+07,3.3,3.4,1
1.30708e+07,3.3,3.4,1
1.30717e+07,3.3,3.4,1
1.30753e+07,3.3,3.4,1
1.30807e+07,3.3,3.4,1
1.30816e+07,3.3,3.4,1
1.31401e+07,3.3,3.4,1
1.3141e+07,3.3,3.4,1
1.31437e+07,3.3,3.4,1
1.31455e+07,3.3,3.4,1
1.31464e+07,3.3,3.4,1
1.31473e+07,3.3,3.4,1
1.31482e+07,3.3,3.4,1
1.315e+07,3.3,3.4,1
1.31509e+07,3.3,3.4,1
1.31518e+07,3.3,3.4,1
1.31527e+07,3.3,3.4,1
1.31536e+07,3.3,3.4,1
1.31599e+07,3.3,3.4,1
1.31608e+07,3.3,3.4,1
1.31617e+07,3.3,3.4,1
1.31626e+07,3.3,3.4,1
1.31635e+07,3.3,3.4,1
1.31707e+07,3.3,3.4,1
1.31716e+07,3.3,3.4,1
1.32526e+07,3.3,3.4,1
1.32535e+07,3.3,3.4,1
1.32544e+07,3.3,3.4,1
1.32553e+07,3.3,3.4,1
1.32589e+07,3.3,3.4,1
1.32634e+07,3.3,3.4,1
1.32643e+07,3.3,3.4,1
1.3267e+07,3.3,3.4,1
1.32679e+07,3.3,3.4,1
1.32688e+07,3.3,3.4,1
1.32697e+07,3.3,3.4,1
1.32706e+07,3.3,3.4,1
1.32733e+07,3.3,3.4,1
1.3276e+07,3.3,3.4,1
1.32796e+07,3.3,3.4,1
1.32814e+07,3.3,3.4,1
1.32823e+07,3.3,3.4,1
1.32832e+07,3.3,3.4,1
1.32841e+07,3.3,3.4,1
1.3285e+07,3.3,3.4,1
1.32859e+07,3.3,3.4,1
1.32868e+07,3.3,3.4,1
1.32877e+07,3.3,3.4,1
1.32895e+07,3.3,3.4,1
1.32904e+07,3.3,3.4,1
1.32913e+07,3.3,3.4,1
1.32922e+07,3.3,3.4,1
1.32931e+07,3.3,3.4,1
1.3294e+07,3.3,3.4,1
1.32949e+07,3.3,3.4,1
1.32958e+07,3.3,3.4,1
1.32967e+07,3.3,3.4,1
1.32985e+07,3.3,3.4,1
1.33003e+07,3.3,3.4,1
1.33012e+07,3.3,3.4,1
1.33021e+07,3.3,3.4,1
1.3303e+07,3.3,3.4,1
1.33039e+07,3.3,3.4,1
1.33048e+07,3.3,3.4,1
1.33057e+07,3.3,3.4,1
1.33066e+07,3.3,3.4,1
1.33075e+07,3.3,3.4,1
1.33084e+07,3.3,3.4,1
1.33093e+07,3.3,3.4,1
1.33102e+07,3.3,3.4,1
1.33111e+07,3.3,3.4,1
1.3312e+07,3.3,3.4,1
1.33129e+07,3.3,3.4,1
1.33138e+07,3.3,3.4,1
1.33156e+07,3.3,3.4,1
1.33165e+07,3.3,3.4,1
1.33174e+07,3.3,3.4,1
1.33192e+07,3.3,3.4,1
1.33201e+07,3.3,3.4,1
1.3321e+07,3.3,3.4,1
1.33219e+07,3.3,3.4,1
1.33228e+07,3.3,3.4,1
1.33237e+07,3.3,3.4,1
1.33255e+07,3.3,3.4,1
1.33282e+07,3.3,3.4,1
1.33327e+07,3.3,3.4,1
1.33345e+07,3.3,3.4,1
1.33363e+07,3.3,3.4,1
1.33372e+07,3.3,3.4,1
1.3339e+07,3.3,3.4,1
1.33399e+07,3.3,3.4,1
1.33417e+07,3.3,3.4,1
1.33426e+07,3.3,3.4,1
1.33435e+07,3.3,3.4,1
1.33444e+07,3.3,3.4,1
1.33453e+07,3.3,3.4,1
1.33462e+07,3.3,3.4,1
1.3348e+07,3.3,3.4,1
1.33498e+07,3.3,3.4,1
1.33507e+07,3.3,3.4,1
1.33534e+07,3.3,3.4,1
1.33543e+07,3.3,3.4,1
1.33561e+07,3.3,3.4,1
1.3357e+07,3.3,3.4,1
1.33597e+07,3.3,3.4,1
1.33615e+07,3.3,3.4,1
1.33624e+07,3.3,3.4,1
1.33633e+07,3.3,3.4,1
1.33669e+07,3.3,3.4,1
1.34623e+07,3.3,3.4,1
1.34632e+07,3.3,3.4,1
1.3465e+07,3.3,3.4,1
1.34659e+07,3.3,3.4,1
1.34677e+07,3.3,3.4,1
1.34695e+07,3.3,3.4,1
1.34704e+07,3.3,3.4,1
1.34722e+07,3.3,3.4,1
1.34731e+07,3.3,3.4,1
1.3474e+07,3.3,3.4,1
1.34749e+07,3.3,3.4,1
1.34767e+07,3.3,3.4,1
1.34776e+07,3.3,3.4,1
1.34839e+07,3.3,3.4,1
1.34848e+07,3.3,3.4,1
1.34866e+07,3.3,3.4,1
1.34893e+07,3.3,3.4,1
1.34902e+07,3.3,3.4,1
1.3492e+07,3.3,3.4,1
1.34929e+07,3.3,3.4,1
1.35109e+07,3.3,3.4,1
1.35118e+07,3.3,3.4,1
1.35262e+07,3.2,3.4,1
1.35271e+07,3.2,3.4,1
1.3528e+07,3.2,3.4,1
1.35289e+07,3.2,3.4,1
1.35298e+07,3.2,3.4,1
1.35307e+07,3.2,3.4,1
1.37224e+07,3.2,3.4,1
1.37233e+07,3.2,3.4,1
1.37296e+07,3.2,3.4,1
1.37323e+07,3.2,3.4,1
1.38367e+07,3.2,3.4,1
1.38376e+07,3.2,3.4,1
1.38385e+07,3.2,3.4,1
1.38394e+07,3.2,3.4,1
1.38421e+07,3.2,3.4,1
1.3843e+07,3.2,3.4,1
1.38439e+07,3.2,3.4,1
1.38466e+07,3.2,3.4,1
1.38475e+07,3.2,3.4,1
1.38484e+07,3.2,3.4,1
1.38493e+07,3.2,3.4,1
1.38511e+07,3.2,3.4,1
1.3852e+07,3.2,3.4,1
1.38538e+07,3.2,3.4,1
1.38547e+07,3.2,3.4,1
1.38565e+07,3.2,3.4,1
1.38574e+07,3.2,3.4,1
1.38583e+07,3.2,3.4,1
1.3861e+07,3.2,3.4,1
1.38619e+07,3.2,3.4,1
1.38646e+07,3.2,3.4,1
1.38682e+07,3.2,3.4,1
1.38691e+07,3.2,3.4,1
1.387e+07,3.2,3.4,1
1.38709e+07,3.2,3.4,1
1.38718e+07,3.2,3.4,1
1.38727e+07,3.2,3.4,1
1.38736e+07,3.2,3.4,1
1.38745e+07,3.2,3.4,1
1.3879e+07,3.2,3.4,1
1.38817e+07,3.2,3.4,1
1.38835e+07,3.2,3.4,1
1.38844e+07,3.2,3.4,1
1.38853e+07,3.2,3.4,1
1.38862e+07,3.2,3.4,1
1.38871e+07,3.2,3.4,1
1.38889e+07,3.2,3.4,1
1.38907e+07,3.2,3.4,1
1.38916e+07,3.2,3.4,1
1.38925e+07,3.2,3.4,1
1.38934e+07,3.2,3.4,1
1.38943e+07,3.2,3.4,1
1.38962e+07,3.2,3.4,1
1.3897e+07,3.2,3.4,1
1.38979e+07,3.2,3.4,1
1.38988e+07,3.2,3.4,1
1.39006e+07,3.2,3.4,1
1.39016e+07,3.2,3.4,1
1.39025e+07,3.2,3.4,1
1.39042e+07,3.2,3.4,1
1.39051e+07,3.2,3.4,1
1.3915e+07,3.2,3.4,1
1.39159e+07,3.2,3.4,1
1.39196e+07,3.2,3.4,1
1.39204e+07,3.2,3.4,1
1.39213e+07,3.2,3.4,1
1.39781e+07,3.2,3.4,1
1.39798e+07,3.2,3.4,1
1.39807e+07,3.2,3.4,1
1.39816e+07,3.2,3.4,1
1.39835e+07,3.2,3.4,1
1.39844e+07,3.2,3.4,1
1.39853e+07,3.2,3.4,1
1.39862e+07,3.2,3.4,1
1.3987e+07,3.2,3.4,1
1.39898e+07,3.2,3.4,1
1.39907e+07,3.2,3.4,1
1.42004e+07,3.2,3.4,1
1.42013e+07,3.2,3.4,1
1.42022e+07,3.2,3.4,1
1.4203e+07,3.2,3.4,1
1.43822e+07,3.2,3.4,1
1.43831e+07,3.2,3.4,1
1.43849e+07,3.2,3.4,1
1.43858e+07,3.2,3.4,1
1.43867e+07,3.2,3.4,1
1.44344e+07,3.2,3.4,1
1.44353e+07,3.2,3.4,1
1.44362e+07,3.2,3.4,1
1.44371e+07,3.2,3.4,1
1.4438e+07,3.2,3.4,1
1.44389e+07,3.2,3.4,1
1.44398e+07,3.2,3.4,1
1.44416e+07,3.2,3.4,1
1.44425e+07,3.2,3.4,1
1.44452e+07,3.2,3.4,1
1.44461e+07,3.2,3.4,1
1.44479e+07,3.2,3.4,1
1.44497e+07,3.2,3.4,1
1.44506e+07,3.2,3.4,1
1.45208e+07,3.2,3.4,1
1.45217e+07,3.2,3.4,1
1.46153e+07,3.2,3.4,1
1.46162e+07,3.2,3.4,1
1.46171e+07,3.2,3.4,1
1.4618e+07,3.2,3.4,1
1.46189e+07,3.2,3.4,1
1.46225e+07,3.2,3.4,1
1.46234e+07,3.2,3.4,1
1.46342e+07,3.2,3.4,1
1.46351e+07,3.2,3.4,1
1.4636e+07,3.2,3.4,1
1.46369e+07,3.2,3.4,1
1.46378e+07,3.2,3.4,1
1.46387e+07,3.2,3.4,1
1.49429e+07,3.2,3.4,1
1.49438e+07,3.2,3.4,1
1.50248e+07,3.2,3.4,1
1.50257e+07,3.2,3.4,1
1.50266e+07,3.2,3.4,1
1.51346e+07,3.2,3.4,1
1.51364e+07,3.2,3.4,1
1.51391e+07,3.2,3.4,1
1.514e+07,3.2,3.4,1
1.51418e+07,3.2,3.4,1
1.51427e+07,3.2,3.4,1
1.51436e+07,3.2,3.4,1
1.51445e+07,3.2,3.4,1
1.5149e+07,3.2,3.4,1
1.51508e+07,3.2,3.4,1
1.51517e+07,3.2,3.4,1
1.51526e+07,3.2,3.4,1
1.51535e+07,3.2,3.4,1
1.51544e+07,3.2,3.4,1
1.51562e+07,3.2,3.4,1
1.51571e+07,3.2,3.4,1
1.51589e+07,3.2,3.4,1
1.51598e+07,3.2,3.4,1
1.51607e+07,3.2,3.4,1
1.51616e+07,3.2,3.4,1
1.51625e+07,3.2,3.4,1
1.51634e+07,3.2,3.4,1
1.51643e+07,3.2,3.4,1
1.51652e+07,3.2,3.4,1
1.51706e+07,3.2,3.4,1
1.51715e+07,3.2,3.4,1
1.51724e+07,3.2,3.4,1
1.51733e+07,3.2,3.4,1
1.5176e+07,3.2,3.4,1
1.51769e+07,3.2,3.4,1
1.51922e+07,3.2,3.4,1
1.51931e+07,3.2,3.4,1
1.51949e+07,3.2,3.4,1
1.51958e+07,3.2,3.4,1
1.51967e+07,3.2,3.4,1
1.51976e+07,3.2,3.4,1
1.5248e+07,3.2,3.4,1
1.52498e+07,3.2,3.4,1
1.52966e+07,3.2,3.4,1
1.52975e+07,3.2,3.4,1
1.53002e+07,3.2,3.4,1
1.53011e+07,3.2,3.4,1
1.53047e+07,3.2,3.4,1
1.53056e+07,3.2,3.4,1
1.53083e+07,3.2,3.4,1
1.53092e+07,3.2,3.4,1
1.53101e+07,3.2,3.4,1
1.5311e+07,3.2,3.4,1
1.53533e+07,3.2,3.4,1
1.53542e+07,3.2,3.4,1
1.53551e+07,3.2,3.4,1
1.5356e+07,3.2,3.4,1
1.53569e+07,3.2,3.4,1
1.53578e+07,3.2,3.4,1
1.53722e+07,3.2,3.4,1
1.53731e+07,3.2,3.4,1
1.53992e+07,3.2,3.4,1
1.54001e+07,3.2,3.4,1
1.54019e+07,3.2,3.4,1
1.54037e+07,3.2,3.4,1
1.54046e+07,3.2,3.4,1
1.54055e+07,3.2,3.4,1
1.54118e+07,3.2,3.4,1
1.54127e+07,3.2,3.4,1
1.54424e+07,3.2,3.4,1
1.54433e+07,3.2,3.4,1
1.54442e+07,3.2,3.4,1
1.54451e+07,3.2,3.4,1
1.5446e+07,3.2,3.4,1
1.54478e+07,3.2,3.4,1
1.54496e+07,3.2,3.4,1
1.54505e+07,3.2,3.4,1
1.54532e+07,3.2,3.4,1
1.54541e+07,3.2,3.4,1
1.5455e+07,3.2,3.4,1
1.54559e+07,3.2,3.4,1
1.54577e+07,3.2,3.4,1
1.54595e+07,3.2,3.4,1
1.54604e+07,3.2,3.4,1
1.54613e+07,3.2,3.4,1
1.54658e+07,3.2,3.4,1
1.54667e+07,3.2,3.4,1
1.54847e+07,3.2,3.4,1
1.54856e+07,3.2,3.4,1
1.54991e+07,3.2,3.4,1
1.55e+07,3.2,3.4,1
1.55099e+07,3.2,3.4,1
1.55117e+07,3.2,3.4,1
1.55126e+07,3.2,3.4,1
1.55135e+07,3.2,3.4,1
1.55144e+07,3.2,3.4,1
1.55153e+07,3.2,3.4,1
1.55189e+07,3.2,3.4,1
1.55198e+07,3.2,3.4,1
1.55207e+07,3.2,3.4,1
1.55225e+07,3.2,3.4,1
1.55234e+07,3.2,3.4,1
1.55243e+07,3.2,3.4,1
1.56449e+07,3.2,3.4,1
1.56458e+07,3.2,3.4,1
1.56467e+07,3.2,3.4,1
1.56476e+07,3.2,3.4,1
1.56485e+07,3.2,3.4,1
1.56494e+07,3.2,3.4,1
1.56602e+07,3.2,3.4,1
1.56611e+07,3.2,3.4,1
1.5662e+07,3.2,3.4,1
1.56638e+07,3.2,3.4,1
1.56647e+07,3.2,3.4,1
1.56656e+07,3.2,3.4,1
1.56665e+07,3.2,3.4,1
1.56674e+07,3.2,3.4,1
1.56683e+07,3.2,3.4,1
1.56692e+07,3.2,3.4,1
1.56719e+07,3.2,3.4,1
1.56728e+07,3.2,3.4,1
1.56764e+07,3.2,3.4,1
1.56773e+07,3.2,3.4,1
1.57538e+07,3.2,3.4,1
1.57547e+07,3.2,3.4,1
1.57601e+07,3.2,3.4,1
1.5761e+07,3.2,3.4,1
1.57817e+07,3.2,3.4,1
1.57826e+07,3.2,3.4,1
1.57844e+07,3.2,3.4,1
1.57862e+07,3.2,3.4,1
1.57871e+07,3.2,3.4,1
1.57889e+07,3.2,3.4,1
1.57907e+07,3.2,3.4,1
1.57934e+07,3.2,3.4,1
1.57943e+07,3.2,3.4,1
1.57952e+07,3.2,3.4,1
1.57961e+07,3.2,3.4,1
1.5797e+07,3.2,3.4,1
1.57988e+07,3.2,3.4,1
1.57997e+07,3.2,3.4,1
1.58006e+07,3.2,3.4,1
1.58015e+07,3.2,3.4,1
1.58051e+07,3.2,3.4,1
1.58078e+07,3.2,3.4,1
1.58087e+07,3.2,3.4,1
1.58114e+07,3.2,3.4,1
1.58123e+07,3.2,3.4,1
1.58132e+07,3.2,3.4,1
1.58141e+07,3.2,3.4,1
1.59815e+07,3.2,3.4,1
1.59824e+07,3.2,3.4,1
1.59833e+07,3.2,3.4,1
1.59842e+07,3.2,3.4,1
1.64297e+07,3.2,3.4,1
1.64324e+07,3.2,3.4,1
1.64333e+07,3.2,3.4,1
1.64387e+07,3.2,3.4,1
1.64531e+07,3.2,3.4,1
1.64549e+07,3.2,3.4,1
1.64567e+07,3.2,3.4,1
1.64594e+07,3.2,3.4,1
1.64612e+07,3.2,3.4,1
1.64621e+07,3.2,3.4,1
1.64639e+07,3.2,3.4,1
1.64648e+07,3.2,3.4,1
1.64837e+07,3.2,3.4,1
1.64846e+07,3.2,3.4,1
1.65629e+07,3.2,3.4,1
1.65638e+07,3.2,3.4,1
1.65692e+07,3.2,3.4,1
1.65719e+07,3.2,3.4,1
1.65728e+07,3.2,3.4,1
1.65737e+07,3.2,3.4,1
1.65755e+07,3.2,3.4,1
1.65764e+07,3.2,3.4,1
1.65773e+07,3.2,3.4,1
1.67105e+07,3.2,3.4,1
1.67114e+07,3.2,3.4,1
1.67123e+07,3.2,3.4,1
1.67132e+07,3.2,3.4,1
1.67159e+07,3.2,3.4,1
1.67168e+07,3.2,3.4,1
1.67186e+07,3.2,3.4,1
1.67195e+07,3.2,3.4,1
1.67249e+07,3.2,3.4,1
1.67258e+07,3.2,3.4,1
1.67267e+07,3.2,3.4,1
1.67285e+07,3.2,3.4,1
1.67303e+07,3.2,3.4,1
1.67348e+07,3.2,3.4,1
1.67357e+07,3.2,3.4,1
1.67366e+07,3.2,3.4,1
1.67375e+07,3.2,3.4,1
1.67393e+07,3.2,3.4,1
1.67411e+07,3.2,3.4,1
1.67429e+07,3.2,3.4,1
1.67447e+07,3.2,3.4,1
1.67456e+07,3.2,3.4,1
1.67501e+07,3.2,3.4,1
1.67519e+07,3.2,3.4,1
1.67528e+07,3.2,3.4,1
1.67537e+07,3.2,3.4,1
1.67546e+07,3.2,3.4,1
1.67555e+07,3.2,3.4,1
1.67564e+07,3.2,3.4,1
1.67573e+07,3.2,3.4,1
1.67582e+07,3.2,3.4,1
1.67645e+07,3.2,3.4,1
1.67663e+07,3.2,3.4,1
1.67699e+07,3.2,3.4,1
1.67708e+07,3.2,3.4,1
1.67807e+07,3.2,3.4,1
1.67816e+07,3.2,3.4,1
1.67825e+07,3.2,3.4,1
1.67834e+07,3.2,3.4,1
1.6787e+07,3.2,3.4,1
1.67888e+07,3.2,3.4,1
1.67897e+07,3.2,3.4,1
1.67906e+07,3.2,3.4,1
1.67915e+07,3.2,3.4,1
1.67924e+07,3.2,3.4,1
1.67942e+07,3.2,3.4,1
1.67951e+07,3.2,3.4,1
1.68077e+07,3.2,3.4,1
1.68086e+07,3.2,3.4,1
1.68671e+07,3.2,3.4,1
1.68707e+07,3.2,3.4,1
1.68779e+07,3.2,3.4,1
1.68788e+07,3.2,3.4,1
1.68797e+07,3.2,3.4,1
1.68806e+07,3.2,3.4,1
1.68824e+07,3.2,3.4,1
1.68833e+07,3.2,3.4,1
1.68842e+07,3.2,3.4,1
1.6886e+07,3.2,3.4,1
1.68869e+07,3.2,3.4,1
1.69256e+07,3.2,3.4,1
1.69265e+07,3.2,3.4,1
1.69328e+07,3.2,3.4,1
1.69337e+07,3.2,3.4,1
1.69346e+07,3.2,3.4,1
1.69382e+07,3.2,3.4,1
1.69391e+07,3.2,3.4,1
1.69643e+07,3.2,3.4,1
1.69652e+07,3.2,3.4,1
1.70264e+07,3.2,3.4,1
1.70291e+07,3.2,3.4,1
1.70309e+07,3.2,3.4,1
1.70327e+07,3.2,3.4,1
1.70336e+07,3.2,3.4,1
1.70345e+07,3.2,3.4,1
1.70354e+07,3.2,3.4,1
1.7039e+07,3.2,3.4,1
1.70399e+07,3.2,3.4,1
1.70408e+07,3.2,3.4,1
1.70435e+07,3.2,3.4,1
1.70444e+07,3.2,3.4,1
1.70453e+07,3.2,3.4,1
1.70633e+07,3.2,3.4,1
1.70651e+07,3.2,3.4,1
1.7066e+07,3.2,3.4,1
1.70696e+07,3.2,3.4,1
1.70705e+07,3.2,3.4,1
1.70714e+07,3.2,3.4,1
1.70723e+07,3.2,3.4,1
1.7075e+07,3.2,3.4,1
1.71344e+07,3.2,3.4,1
1.71362e+07,3.2,3.4,1
1.71371e+07,3.2,3.4,1
1.71389e+07,3.2,3.4,1
1.71398e+07,3.2,3.4,1
1.71407e+07,3.2,3.4,1
1.71533e+07,3.2,3.4,1
1.71542e+07,3.2,3.4,1
1.71551e+07,3.2,3.4,1
1.71731e+07,3.2,3.4,1
1.7174e+07,3.2,3.4,1
1.71758e+07,3.2,3.4,1
1.71776e+07,3.2,3.4,1
1.71803e+07,3.2,3.4,1
1.71812e+07,3.2,3.4,1
1.71821e+07,3.2,3.4,1
1.7183e+07,3.2,3.4,1
1.72127e+07,3.2,3.4,1
1.72136e+07,3.2,3.4,1
1.72343e+07,3.2,3.4,1
1.72352e+07,3.2,3.4,1
1.7246e+07,3.2,3.4,1
1.72469e+07,3.2,3.4,1
1.72496e+07,3.2,3.4,1
1.72514e+07,3.2,3.4,1
1.72523e+07,3.2,3.4,1
1.72532e+07,3.2,3.4,1
1.72604e+07,3.2,3.4,1
1.72613e+07,3.2,3.4,1
1.72631e+07,3.2,3.4,1
1.7264e+07,3.2,3.4,1
1.72649e+07,3.2,3.4,1
1.72658e+07,3.2,3.4,1
1.72721e+07,3.2,3.4,1
1.7273e+07,3.2,3.4,1
1.72739e+07,3.2,3.4,1
1.72847e+07,3.2,3.4,1
1.72856e+07,3.2,3.4,1
1.72865e+07,3.2,3.4,1
1.72919e+07,3.2,3.4,1
1.72928e+07,3.2,3.4,1
1.73099e+07,3.2,3.4,1
1.73108e+07,3.2,3.4,1
1.7453e+07,3.1,3.4,1
1.74548e+07,3.1,3.4,1
1.74557e+07,3.1,3.4,1
1.74566e+07,3.1,3.4,1
1.74575e+07,3.1,3.4,1
1.74593e+07,3.1,3.4,1
1.74602e+07,3.1,3.4,1
1.74611e+07,3.1,3.4,1
1.7462e+07,3.1,3.4,1
1.74638e+07,3.1,3.4,1
1.74656e+07,3.1,3.4,1
1.74665e+07,3.1,3.4,1
1.74674e+07,3.1,3.4,1
1.74683e+07,3.1,3.4,1
1.74692e+07,3.1,3.4,1
1.74701e+07,3.1,3.4,1
1.7471e+07,3.1,3.4,1
1.74728e+07,3.1,3.4,1
1.74746e+07,3.1,3.4,1
1.74764e+07,3.1,3.4,1
1.74773e+07,3.1,3.4,1
1.74791e+07,3.1,3.4,1
1.748e+07,3.1,3.4,1
1.74827e+07,3.1,3.4,1
1.74836e+07,3.1,3.4,1
1.74854e+07,3.1,3.4,1
1.74863e+07,3.1,3.4,1
1.74872e+07,3.1,3.4,1
1.74881e+07,3.1,3.4,1
1.7489e+07,3.1,3.4,1
1.74917e+07,3.1,3.4,1
1.74926e+07,3.1,3.4,1
1.74935e+07,3.1,3.4,1
1.74953e+07,3.1,3.4,1
1.74962e+07,3.1,3.4,1
1.74971e+07,3.1,3.4,1
1.7498e+07,3.1,3.4,1
1.74989e+07,3.1,3.4,1
1.74998e+07,3.1,3.4,1
1.75133e+07,3.1,3.4,1
1.75142e+07,3.1,3.4,1
1.75187e+07,3.1,3.4,1
1.75196e+07,3.1,3.4,1
1.76294e+07,3.1,3.4,1
1.76303e+07,3.1,3.4,1
1.76312e+07,3.1,3.4,1
1.76321e+07,3.1,3.4,1
1.7633e+07,3.1,3.4,1
1.76339e+07,3.1,3.4,1
1.76429e+07,3.1,3.4,1
1.76438e+07,3.1,3.4,1
1.76519e+07,3.1,3.4,1
1.76528e+07,3.1,3.4,1
1.76555e+07,3.1,3.4,1
1.76564e+07,3.1,3.4,1
1.76573e+07,3.1,3.4,1
1.76591e+07,3.1,3.4,1
1.766e+07,3.1,3.4,1
1.76609e+07,3.1,3.4,1
1.76618e+07,3.1,3.4,1
1.76627e+07,3.1,3.4,1
1.76645e+07,3.1,3.4,1
1.76708e+07,3.1,3.4,1
1.76726e+07,3.1,3.4,1
1.76735e+07,3.1,3.4,1
1.76744e+07,3.1,3.4,1
1.76753e+07,3.1,3.4,1
1.76771e+07,3.1,3.4,1
1.76798e+07,3.1,3.4,1
1.76807e+07,3.1,3.4,1
1.76843e+07,3.1,3.4,1
1.7687e+07,3.1,3.4,1
1.76888e+07,3.1,3.4,1
1.76897e+07,3.1,3.4,1
1.77212e+07,3.1,3.4,1
1.77221e+07,3.1,3.4,1
1.77428e+07,3.1,3.4,1
1.77437e+07,3.1,3.4,1
1.77608e+07,3.1,3.4,1
1.77626e+07,3.1,3.4,1
1.77635e+07,3.1,3.4,1
1.77662e+07,3.1,3.4,1
1.77671e+07,3.1,3.4,1
1.7768e+07,3.1,3.4,1
1.77689e+07,3.1,3.4,1
1.77698e+07,3.1,3.4,1
1.77734e+07,3.1,3.4,1
1.77743e+07,3.1,3.4,1
1.77851e+07,3.1,3.4,1
1.7786e+07,3.1,3.4,1
1.77869e+07,3.1,3.4,1
1.77887e+07,3.1,3.4,1
1.77896e+07,3.1,3.4,1
1.77905e+07,3.1,3.4,1
1.77923e+07,3.1,3.4,1
1.7795e+07,3.1,3.4,1
1.77959e+07,3.1,3.4,1
1.77977e+07,3.1,3.4,1
1.77986e+07,3.1,3.4,1
1.7804e+07,3.1,3.4,1
1.78049e+07,3.1,3.4,1
1.79165e+07,3.1,3.4,1
1.79174e+07,3.1,3.4,1
1.79183e+07,3.1,3.4,1
1.79192e+07,3.1,3.4,1
1.7921e+07,3.1,3.4,1
1.7984e+07,3.1,3.4,1
1.79849e+07,3.1,3.4,1
1.79867e+07,3.1,3.4,1
1.79876e+07,3.1,3.4,1
1.79921e+07,3.1,3.4,1
1.7993e+07,3.1,3.4,1
1.79939e+07,3.1,3.4,1
1.79948e+07,3.1,3.4,1
1.79957e+07,3.1,3.4,1
1.80092e+07,3.1,3.4,1
1.80101e+07,3.1,3.4,1
1.80137e+07,3.1,3.4,1
1.80146e+07,3.1,3.4,1
1.80461e+07,3.1,3.4,1
1.80479e+07,3.1,3.4,1
1.83953e+07,3.1,3.4,1
1.83962e+07,3.1,3.4,1
1.83971e+07,3.1,3.4,1
1.8398e+07,3.1,3.4,1
1.84016e+07,3.1,3.4,1
1.84025e+07,3.1,3.4,1
1.84034e+07,3.1,3.4,1
1.84043e+07,3.1,3.4,1
1.84115e+07,3.1,3.4,1
1.84124e+07,3.1,3.4,1
1.84268e+07,3.1,3.4,1
1.84277e+07,3.1,3.4,1
1.84538e+07,3.1,3.4,1
1.84547e+07,3.1,3.4,1
1.84565e+07,3.1,3.4,1
1.84574e+07,3.1,3.4,1
1.84673e+07,3.1,3.4,1
1.84682e+07,3.1,3.4,1
1.84718e+07,3.1,3.4,1
1.84727e+07,3.1,3.4,1
1.84772e+07,3.1,3.4,1
1.84781e+07,3.1,3.4,1
1.8479e+07,3.1,3.4,1
1.84943e+07,3.1,3.4,1
1.84952e+07,3.1,3.4,1
1.84961e+07,3.1,3.4,1
1.85024e+07,3.1,3.4,1
1.85033e+07,3.1,3.4,1
1.85051e+07,3.1,3.4,1
1.8506e+07,3.1,3.4,1
1.85933e+07,3.1,3.4,1
1.85942e+07,3.1,3.4,1
1.85951e+07,3.1,3.4,1
1.8596e+07,3.1,3.4,1
1.8605e+07,3.1,3.4,1
1.86059e+07,3.1,3.4,1
1.865e+07,3.1,3.4,1
1.86509e+07,3.1,3.4,1
1.86518e+07,3.1,3.4,1
1.86527e+07,3.1,3.4,1
1.86806e+07,3.1,3.4,1
1.86824e+07,3.1,3.4,1
1.86833e+07,3.1,3.4,1
1.86851e+07,3.1,3.4,1
1.8686e+07,3.1,3.4,1
1.86905e+07,3.1,3.4,1
1.86923e+07,3.1,3.4,1
1.86932e+07,3.1,3.4,1
1.8695e+07,3.1,3.4,1
1.86959e+07,3.1,3.4,1
1.86968e+07,3.1,3.4,1
1.86986e+07,3.1,3.4,1
1.86995e+07,3.1,3.4,1
1.87013e+07,3.1,3.4,1
1.87022e+07,3.1,3.4,1
1.87049e+07,3.1,3.4,1
1.87067e+07,3.1,3.4,1
1.87076e+07,3.1,3.4,1
1.87085e+07,3.1,3.4,1
1.87094e+07,3.1,3.4,1
1.87508e+07,3.1,3.4,1
1.87517e+07,3.1,3.4,1
1.87526e+07,3.1,3.4,1
1.87544e+07,3.1,3.4,1
1.87553e+07,3.1,3.4,1
1.87643e+07,3.1,3.4,1
1.87652e+07,3.1,3.4,1
1.87661e+07,3.1,3.4,1
1.87724e+07,3.1,3.4,1
1.87733e+07,3.1,3.4,1
1.87742e+07,3.1,3.4,1
1.87769e+07,3.1,3.4,1
1.87778e+07,3.1,3.4,1
1.87787e+07,3.1,3.4,1
1.883e+07,3.1,3.4,1
1.88309e+07,3.1,3.4,1
1.89488e+07,3.1,3.4,1
1.89497e+07,3.1,3.4,1
1.89524e+07,3.1,3.4,1
1.8956e+07,3.1,3.4,1
1.89569e+07,3.1,3.4,1
1.89578e+07,3.1,3.4,1
1.89596e+07,3.1,3.4,1
1.89605e+07,3.1,3.4,1
1.89632e+07,3.1,3.4,1
1.89641e+07,3.1,3.4,1
1.8965e+07,3.1,3.4,1
1.89677e+07,3.1,3.4,1
1.89686e+07,3.1,3.4,1
1.89731e+07,3.1,3.4,1
1.8974e+07,3.1,3.4,1
1.89749e+07,3.1,3.4,1
1.89758e+07,3.1,3.4,1
1.89767e+07,3.1,3.4,1
1.89776e+07,3.1,3.4,1
1.89785e+07,3.1,3.4,1
1.89794e+07,3.1,3.4,1
1.89803e+07,3.1,3.4,1
1.89812e+07,3.1,3.4,1
1.8983e+07,3.1,3.4,1
1.89839e+07,3.1,3.4,1
1.89848e+07,3.1,3.4,1
1.89857e+07,3.1,3.4,1
1.89866e+07,3.1,3.4,1
1.89875e+07,3.1,3.4,1
1.89884e+07,3.1,3.4,1
1.89893e+07,3.1,3.4,1
1.89902e+07,3.1,3.4,1
1.89911e+07,3.1,3.4,1
1.96445e+07,3.1,3.4,1
1.96454e+07,3.1,3.4,1
1.96472e+07,3.1,3.4,1
1.96481e+07,3.1,3.4,1
1.9649e+07,3.1,3.4,1
1.96499e+07,3.1,3.4,1
1.96508e+07,3.1,3.4,1
1.96526e+07,3.1,3.4,1
1.96535e+07,3.1,3.4,1
1.96553e+07,3.1,3.4,1
1.96562e+07,3.1,3.4,1
1.96598e+07,3.1,3.4,1
1.96607e+07,3.1,3.4,1
1.97138e+07,3.1,3.4,1
1.97147e+07,3.1,3.4,1
1.97165e+07,3.1,3.4,1
1.97174e+07,3.1,3.4,1
1.97264e+07,3.1,3.4,1
1.97282e+07,3.1,3.4,1
1.97291e+07,3.1,3.4,1
2.03915e+07,3.1,3.4,1
2.03924e+07,3.1,3.4,1
2.03933e+07,3.1,3.4,1
2.03951e+07,3.1,3.4,1
2.03969e+07,3.1,3.4,1
2.03987e+07,3.1,3.4,1
2.04905e+07,3.1,3.4,1
2.04914e+07,3.1,3.4,1
2.05202e+07,3.1,3.4,1
2.05211e+07,3.1,3.4,1
2.0522e+07,3.1,3.4,1
2.05229e+07,3.1,3.4,1
2.05238e+07,3.1,3.4,1
2.05247e+07,3.1,3.4,1
2.07317e+07,3.1,3.4,1
2.07326e+07,3.1,3.4,1
2.12618e+07,3.1,3.4,1
2.12627e+07,3.1,3.4,1
2.12636e+07,3.1,3.4,1
2.12654e+07,3.1,3.4,1
2.12726e+07,3.1,3.4,1
2.12735e+07,3.1,3.4,1
2.12753e+07,3.1,3.4,1
2.12762e+07,3.1,3.4,1
2.1296e+07,3.1,3.4,1
2.12969e+07,3.1,3.4,1
2.13104e+07,3.1,3.4,1
2.13113e+07,3.1,3.4,1
2.13122e+07,3.1,3.4,1
2.13149e+07,3.1,3.4,1
2.13158e+07,3.1,3.4,1
2.13167e+07,3.1,3.4,1
2.13185e+07,3.1,3.4,1
2.13194e+07,3.1,3.4,1
2.13212e+07,3.1,3.4,1
2.13221e+07,3.1,3.4,1
2.13248e+07,3.1,3.4,1
2.13257e+07,3.1,3.4,1
2.1368e+07,3.1,3.4,1
2.13698e+07,3.1,3.4,1
2.13725e+07,3.1,3.4,1
2.13734e+07,3.1,3.4,1
2.13743e+07,3.1,3.4,1
2.13752e+07,3.1,3.4,1
2.13797e+07,3.1,3.4,1
2.13815e+07,3.1,3.4,1
2.13824e+07,3.1,3.4,1
2.13842e+07,3.1,3.4,1
2.1386e+07,3.1,3.4,1
2.13869e+07,3.1,3.4,1
2.13878e+07,3.1,3.4,1
2.13887e+07,3.1,3.4,1
2.13905e+07,3.1,3.4,1
2.13923e+07,3.1,3.4,1
2.13932e+07,3.1,3.4,1
2.13941e+07,3.1,3.4,1
2.1395e+07,3.1,3.4,1
2.13959e+07,3.1,3.4,1
2.13968e+07,3.1,3.4,1
2.13977e+07,3.1,3.4,1
2.13986e+07,3.1,3.4,1
2.13995e+07,3.1,3.4,1
2.14004e+07,3.1,3.4,1
2.14013e+07,3.1,3.4,1
2.14022e+07,3.1,3.4,1
2.14031e+07,3.1,3.4,1
2.1404e+07,3.1,3.4,1
2.14049e+07,3.1,3.4,1
2.14058e+07,3.1,3.4,1
2.14066e+07,3.1,3.4,1
2.14076e+07,3.1,3.4,1
2.14085e+07,3.1,3.4,1
2.1412e+07,3.1,3.4,1
2.1413e+07,3.1,3.4,1
2.14139e+07,3.1,3.4,1
2.14166e+07,3.1,3.4,1
2.14184e+07,3.1,3.4,1
2.14202e+07,3.1,3.4,1
2.14211e+07,3.1,3.4,1
2.14229e+07,3.1,3.4,1
2.14238e+07,3.1,3.4,1
2.14346e+07,3.1,3.4,1
2.14364e+07,3.1,3.4,1
2.14778e+07,3.1,3.4,1
2.14787e+07,3.1,3.4,1
2.14796e+07,3.1,3.4,1
2.14805e+07,3.1,3.4,1
2.14832e+07,3.1,3.4,1
2.14841e+07,3.1,3.4,1
2.14868e+07,3.1,3.4,1
2.14904e+07,3.1,3.4,1
2.14913e+07,3.1,3.4,1
2.14922e+07,3.1,3.4,1
2.14949e+07,3.1,3.4,1
2.14958e+07,3.1,3.4,1
2.18278e+07,3.1,3.4,1
2.18288e+07,3.1,3.4,1
2.18297e+07,3.1,3.4,1
2.18315e+07,3.1,3.4,1
2.18342e+07,3.1,3.4,1
2.18351e+07,3.1,3.4,1
2.18846e+07,3.1,3.4,1
2.18854e+07,3.1,3.4,1
2.22688e+07,3.1,3.4,1
2.22697e+07,3.1,3.4,1
2.22706e+07,3.1,3.4,1
2.26118e+07,3.1,3.4,1
2.26136e+07,3.1,3.4,1
2.26181e+07,3.1,3.4,1
2.2619e+07,3.1,3.4,1
2.26676e+07,3.1,3.4,1
2.26684e+07,3.1,3.4,1
2.26693e+07,3.1,3.4,1
2.26702e+07,3.1,3.4,1
2.31499e+07,3.1,3.4,1
2.31508e+07,3.1,3.4,1
2.31518e+07,3.1,3.4,1
2.31527e+07,3.1,3.4,1
2.31544e+07,3.1,3.4,1
2.31553e+07,3.1,3.4,1
2.31562e+07,3.1,3.4,1
2.31572e+07,3.1,3.4,1
2.31581e+07,3.1,3.4,1
2.3159e+07,3.1,3.4,1
2.31598e+07,3.1,3.4,1
2.31607e+07,3.1,3.4,1
2.31626e+07,3.1,3.4,1
2.31644e+07,3.1,3.4,1
2.31652e+07,3.1,3.4,1
2.31742e+07,3.1,3.4,1
2.31751e+07,3.1,3.4,1
2.31796e+07,3.1,3.4,1
2.31805e+07,3.1,3.4,1
2.31832e+07,3.1,3.4,1
2.31842e+07,3.1,3.4,1
2.3185e+07,3.1,3.4,1
2.31868e+07,3.1,3.4,1
2.31877e+07,3.1,3.4,1
2.31886e+07,3.1,3.4,1
2.31896e+07,3.1,3.4,1
2.31904e+07,3.1,3.4,1
2.31913e+07,3.1,3.4,1
2.31922e+07,3.1,3.4,1
2.31931e+07,3.1,3.4,1
2.3194e+07,3.1,3.4,1
2.32436e+07,3.2,3.4,1
2.32444e+07,3.2,3.4,1
2.32678e+07,3.2,3.4,1
2.32687e+07,3.2,3.4,1
2.32795e+07,3.2,3.4,1
2.32804e+07,3.2,3.4,1
2.33326e+07,3.2,3.4,1
2.33335e+07,3.2,3.4,1
2.35333e+07,3.2,3.4,1
2.35342e+07,3.2,3.4,1
2.35369e+07,3.2,3.4,1
2.35387e+07,3.2,3.4,1
2.35396e+07,3.2,3.4,1
2.35405e+07,3.2,3.4,1
2.35414e+07,3.2,3.4,1
2.35423e+07,3.2,3.4,1
2.35432e+07,3.2,3.4,1
2.35495e+07,3.2,3.4,1
2.35504e+07,3.2,3.4,1
2.35522e+07,3.2,3.4,1
2.3554e+07,3.2,3.4,1
2.35549e+07,3.2,3.4,1
2.35558e+07,3.2,3.4,1
2.35576e+07,3.2,3.4,1
2.35585e+07,3.2,3.4,1
2.35594e+07,3.2,3.4,1
2.35603e+07,3.2,3.4,1
2.35612e+07,3.2,3.4,1
2.37448e+07,3.2,3.4,1
2.37457e+07,3.2,3.4,1
2.37475e+07,3.2,3.4,1
2.37484e+07,3.2,3.4,1
2.37502e+07,3.2,3.4,1
2.37808e+07,3.2,3.4,1
2.37817e+07,3.2,3.4,1
2.37826e+07,3.2,3.4,1
2.37835e+07,3.2,3.4,1
2.3788e+07,3.2,3.4,1
2.37889e+07,3.2,3.4,1
2.37907e+07,3.2,3.4,1
2.37916e+07,3.2,3.4,1
2.37943e+07,3.2,3.4,1
2.37952e+07,3.2,3.4,1
2.3797e+07,3.2,3.4,1
2.37979e+07,3.2,3.4,1
2.41795e+07,3.2,3.4,1
2.41804e+07,3.2,3.4,1
2.42245e+07,3.2,3.4,1
2.42254e+07,3.2,3.4,1
2.42308e+07,3.2,3.4,1
2.42317e+07,3.2,3.4,1
2.42326e+07,3.2,3.4,1
2.42335e+07,3.2,3.4,1
2.42344e+07,3.2,3.4,1
2.42398e+07,3.2,3.4,1
2.42407e+07,3.2,3.4,1
2.43136e+07,3.2,3.4,1
2.43145e+07,3.2,3.4,1
2.43154e+07,3.2,3.4,1
2.43163e+07,3.2,3.4,1
2.4328e+07,3.2,3.4,1
2.43289e+07,3.2,3.4,1
2.43298e+07,3.2,3.4,1
2.43307e+07,3.2,3.4,1
2.43325e+07,3.2,3.4,1
2.43334e+07,3.2,3.4,1
2.43343e+07,3.2,3.4,1
2.43352e+07,3.2,3.4,1
2.43424e+07,3.2,3.4,1
2.43433e+07,3.2,3.4,1
2.4427e+07,3.2,3.4,1
2.44279e+07,3.2,3.4,1
2.44315e+07,3.2,3.4,1
2.54305e+07,3.2,3.4,1
2.54314e+07,3.2,3.4,1
2.54323e+07,3.2,3.4,1
2.54332e+07,3.2,3.4,1
2.55277e+07,3.2,3.4,1
2.55286e+07,3.2,3.4,1
2.55295e+07,3.2,3.4,1
2.55304e+07,3.2,3.4,1
2.55313e+07,3.2,3.4,1
2.55331e+07,3.2,3.4,1
2.5534e+07,3.2,3.4,1
2.55358e+07,3.2,3.4,1
2.55367e+07,3.2,3.4,1
2.55376e+07,3.2,3.4,1
2.55394e+07,3.2,3.4,1
2.55403e+07,3.2,3.4,1
2.57788e+07,3.2,3.4,1
2.57806e+07,3.2,3.4,1
2.57986e+07,3.2,3.4,1
2.57995e+07,3.2,3.4,1
2.58472e+07,3.2,3.4,1
2.58481e+07,3.2,3.4,1
2.5849e+07,3.2,3.4,1
2.58499e+07,3.2,3.4,1
2.5858e+07,3.2,3.4,1
2.58589e+07,3.2,3.4,1
2.58598e+07,3.2,3.4,1
2.58607e+07,3.2,3.4,1
2.58616e+07,3.2,3.4,1
2.58625e+07,3.2,3.4,1
2.58634e+07,3.2,3.4,1
2.58643e+07,3.2,3.4,1
2.58661e+07,3.2,3.4,1
2.58697e+07,3.2,3.4,1
2.58958e+07,3.2,3.4,1
2.58967e+07,3.2,3.4,1
2.6182e+07,3.2,3.4,1
2.61829e+07,3.2,3.4,1
2.61838e+07,3.2,3.4,1
2.61847e+07,3.2,3.4,1
2.61856e+07,3.2,3.4,1
2.61865e+07,3.2,3.4,1
2.61874e+07,3.2,3.4,1
2.61883e+07,3.2,3.4,1
2.61892e+07,3.2,3.4,1
2.61901e+07,3.2,3.4,1
2.62e+07,3.2,3.4,1
2.62009e+07,3.2,3.4,1
2.62027e+07,3.2,3.4,1
2.62036e+07,3.2,3.4,1
2.62063e+07,3.2,3.4,1
2.62072e+07,3.2,3.4,1
2.62081e+07,3.2,3.4,1
2.6209e+07,3.2,3.4,1
2.62108e+07,3.2,3.4,1
2.62117e+07,3.2,3.4,1
2.62126e+07,3.2,3.4,1
2.66203e+07,3.2,3.4,1
2.66212e+07,3.2,3.4,1
2.66365e+07,3.2,3.4,1
2.66374e+07,3.2,3.4,1
2.66401e+07,3.2,3.4,1
2.6641e+07,3.2,3.4,1
2.66491e+07,3.2,3.4,1
2.665e+07,3.2,3.4,1
2.66716e+07,3.2,3.4,1
2.66725e+07,3.2,3.4,1
2.66734e+07,3.2,3.4,1
2.66743e+07,3.2,3.4,1
2.7838e+07,3.2,3.4,1
2.78389e+07,3.2,3.4,1
2.78398e+07,3.2,3.4,1
2.78416e+07,3.2,3.4,1
2.78713e+07,3.2,3.4,1
2.78722e+07,3.2,3.4,1
2.79406e+07,3.2,3.4,1
2.79415e+07,3.2,3.4,1
2.79424e+07,3.2,3.4,1
2.79433e+07,3.2,3.4,1
2.79442e+07,3.2,3.4,1
2.7946e+07,3.2,3.4,1
2.79469e+07,3.2,3.4,1
2.79478e+07,3.2,3.4,1
2.79487e+07,3.2,3.4,1
2.79496e+07,3.2,3.4,1
2.79505e+07,3.2,3.4,1
2.87776e+07,3.2,3.4,1
2.87785e+07,3.2,3.4,1
2.87794e+07,3.2,3.4,1
2.87803e+07,3.2,3.4,1
2.87812e+07,3.2,3.4,1
2.8783e+07,3.2,3.4,1
2.91214e+07,3.2,3.4,1
2.91223e+07,3.2,3.4,1
2.92294e+07,3.2,3.4,1
2.92303e+07,3.2,3.4,1
